video_id,clip_id,highlight,audio_feat_0,audio_feat_1,audio_feat_2,audio_feat_3,audio_feat_4,audio_feat_5,audio_feat_6,audio_feat_7,audio_feat_8,audio_feat_9,audio_feat_10,audio_feat_11,audio_feat_12,audio_feat_13,audio_feat_14,audio_feat_15,audio_feat_16,audio_feat_17,audio_feat_18,audio_feat_19,audio_feat_20,audio_feat_21,audio_feat_22,audio_feat_23,audio_feat_24,audio_feat_25
video5,clip_001,0,-1131.371,0.0,0.0,0.0,0.0,0.0,0.0,0.0,0.0,0.0,0.0,0.0,0.0,1.4901161e-08,0.0,0.0,0.0,0.0,0.0,0.0,0.0,0.0,0.0,0.0,0.0,0.0
video5,clip_002,0,-360.807,96.124535,-21.046883,14.409156,-7.6172767,7.4536796,-2.547841,3.8562484,1.4222187,1.330789,0.5022125,-0.092472695,0.22403242,53951.598,10369.27,566.0224,258.1652,129.49826,89.88227,27.632973,41.37312,22.953444,14.440478,14.24854,19.124407,14.672604
video5,clip_003,0,-321.40048,147.46626,-15.910189,24.400589,-6.1189585,6.3689084,-4.7406797,0.71128553,-0.8364148,-1.3715795,-1.89934,0.7664573,1.7372383,31328.648,5274.8687,1077.096,278.93683,89.25046,86.76272,30.887144,53.96359,37.213284,42.642227,27.81074,25.391766,29.864237
video5,clip_004,0,-188.38417,172.04051,-7.690066,35.301994,-10.486744,17.613844,1.927474,7.453097,-6.1460695,-3.9722133,-9.887177,-2.6879358,-5.424717,6108.27,967.52496,660.91516,322.0836,300.27383,88.96207,125.6332,86.10599,61.64381,51.103462,44.034794,46.79182,71.28359
video5,clip_005,0,-174.99687,169.5939,-17.513315,33.3526,-16.45782,16.747572,-6.168175,6.716392,-9.624187,-1.2493236,-7.8950753,1.3871549,-3.2385707,4313.19,589.9119,448.96286,254.63673,292.70322,94.74006,133.0929,76.54251,88.52946,92.279755,52.08979,60.73787,77.67154
video5,clip_006,0,-174.79922,174.43895,-18.55128,31.152676,-17.687946,15.94537,-4.536714,7.2757144,-6.4225407,0.47423327,-8.122078,-0.04911226,-1.7844155,4166.447,626.07336,385.28937,264.61853,261.67902,79.14329,76.92027,74.50317,62.024857,60.413086,74.133736,81.52323,81.33946
video5,clip_007,1,-185.1292,144.3017,-31.812696,40.701088,-17.385874,18.31756,-3.2229893,11.632833,-1.6437396,3.2711205,-1.2821747,5.651112,2.7564223,4379.1016,656.5155,280.70514,173.25127,194.16246,89.26861,72.11321,64.981155,61.095844,59.541786,60.646404,79.695694,74.68104
video5,clip_008,0,-117.34905,159.81123,-31.668999,44.354794,-23.137947,19.68,-5.3882976,11.961405,-2.905986,4.206077,-4.9286056,2.3813071,-3.4215233,2931.0798,553.5729,200.80821,141.56604,171.91623,64.75743,55.51461,50.39914,42.46013,41.680687,43.41973,36.917236,40.128014
video5,clip_009,0,-201.2284,182.54276,-16.697435,27.189804,3.1904552,10.142568,-2.0097277,0.07724468,2.350933,-4.061623,1.797817,0.73397166,1.4250528,1105.7477,255.74588,146.5409,121.24204,113.39881,67.316315,63.10072,59.668922,32.40006,36.364445,29.655619,31.126831,33.703033
video5,clip_010,0,-222.18959,214.69537,-19.316767,32.56577,-0.2345513,7.8092513,-4.208801,-4.0139613,0.70984167,-4.734921,4.2417607,-0.48864186,1.4548597,176.55629,159.955,56.10062,42.413147,60.701454,61.647396,42.270725,24.37958,30.264002,23.831373,24.862043,22.319296,22.607737
video5,clip_011,1,-256.7226,152.78145,9.683527,31.993147,-14.58225,16.433075,-15.88111,1.7354131,-16.158014,0.38017958,1.1209835,6.9975996,1.0059446,3717.2097,2361.3704,334.10693,344.78223,308.21344,294.7596,117.87923,302.5836,93.610725,193.98573,70.90061,97.70686,131.31897
video5,clip_012,1,-354.09366,178.95007,57.32024,16.770134,-2.5789464,4.390691,-12.807933,-6.618829,-5.422246,1.7870033,1.5552758,2.3611283,2.7427094,2938.2808,230.183,319.3944,156.46248,251.72682,150.89836,108.86289,67.490456,119.77093,67.82693,96.96445,89.35634,113.226135
video5,clip_013,0,-329.72723,212.51524,36.28945,15.687086,13.375838,9.885638,0.10016188,3.2198124,-4.497603,-8.229005,-7.0171,-10.4490595,-12.48573,1809.1292,929.72076,603.79285,347.4128,132.91733,107.404205,69.20894,59.229546,57.70975,55.787773,49.169323,43.557163,65.97483
video5,clip_014,0,-204.40198,195.22012,-13.344483,32.611725,-2.7910013,13.071551,-4.2518134,3.2961986,-4.6928635,-6.546803,-3.363164,-4.368621,-1.8379085,6890.809,149.42642,1009.5919,129.80305,171.35393,53.904484,84.586914,38.00329,51.073063,51.702362,37.993355,53.725727,77.10189
video5,clip_015,1,-161.62624,198.11351,-31.997602,41.675495,-12.941712,16.003727,-5.632341,4.0966077,-4.4529114,-0.65307164,1.319799,-1.7353072,0.048461914,571.7757,272.0581,278.8437,285.13992,47.244648,30.72344,49.06268,34.78975,35.96893,29.5075,35.384007,23.353802,26.079405
video5,clip_016,0,-220.3525,201.46085,-10.956158,26.86384,1.3278414,-3.1802216,-4.2207084,-10.95633,-7.0923157,-4.078115,-1.3154824,-2.8607643,-5.675337,3336.6243,575.3336,556.17145,485.9938,106.46131,131.1396,91.84443,109.96445,114.284,51.222916,42.2227,33.893402,46.854614
video5,clip_017,0,-199.05988,206.9499,-33.701157,29.90367,-15.190441,5.6996036,-10.423678,-0.8028172,-6.4393864,-7.2026253,-4.7919316,-1.3222249,-2.3282857,4615.0273,422.18787,303.8774,135.46646,174.29019,155.40448,50.10801,123.793015,51.613403,77.56464,39.069073,30.722067,30.02162
video5,clip_018,0,-212.83905,195.88647,-24.69252,27.113018,-14.492954,4.4111505,-10.845395,-5.148177,-8.658783,-8.843886,-6.3863177,-0.6457454,-0.13666232,1341.9408,311.29062,226.67934,148.70352,147.23529,90.35003,54.778,52.62043,52.6903,50.813343,33.630554,41.312405,39.33574
video5,clip_019,0,-209.72997,197.58038,-23.764004,24.044197,-9.22048,-0.3390106,-6.873149,-8.395869,-2.86722,-10.334578,-5.5504375,-0.13084094,-0.48772746,1057.402,389.00815,227.75934,168.92422,110.43363,120.41711,66.76529,54.154053,51.49057,46.14256,37.74202,46.464878,36.459496
video5,clip_020,0,-245.36636,203.00621,-21.79664,26.526419,-9.17007,3.639058,-7.144374,-5.7550116,-8.54158,-10.265301,-8.584138,-0.83266556,-1.982021,496.6712,218.93343,109.26959,115.78238,84.69779,74.57256,72.523735,51.834675,49.77739,33.9903,36.96914,30.924414,37.93971
video5,clip_021,1,-252.03975,210.747,-31.158897,33.742184,-11.3050165,5.489068,-8.831135,-5.2844057,-4.8234005,-6.319733,-6.4514074,-0.44152465,-0.5671526,489.58383,294.6767,141.02994,123.72235,84.97941,58.755787,47.886223,59.090057,46.311275,46.34132,33.05151,34.33485,34.196983
video5,clip_022,1,-295.1855,179.60567,-11.354568,10.226157,-11.780108,-1.7943422,-19.405062,-13.197041,-14.692551,-8.277281,-8.594342,-2.2014377,-2.5605934,1160.838,1442.2668,248.55597,292.0658,292.37363,184.99954,217.15968,71.261055,155.0858,60.546867,61.566135,61.242813,55.91115
video5,clip_023,1,-303.2671,188.0241,-7.986367,20.268179,3.9373407,4.1410756,-0.29053658,-7.696221,-4.309945,-9.551216,-10.729949,-3.692101,-3.91879,1223.408,321.4685,247.21242,251.65314,177.91142,123.92263,91.96169,58.91006,47.443825,53.82639,45.74496,46.141716,45.86246
video5,clip_024,1,-308.52228,187.53712,-4.5418253,21.8051,5.3270535,3.3968968,-5.006824,-7.7746825,-0.9695356,-4.5586233,-6.1640043,-1.2925774,-0.7726691,987.3313,288.85693,243.6064,172.48071,160.49316,126.88666,78.32409,71.08845,74.86002,63.459145,55.94149,54.586567,43.873367
video5,clip_025,0,-270.6789,195.67114,-20.798172,27.92668,-2.2580354,2.5814424,-7.805853,-6.866437,-5.577809,-6.3419814,-6.3963437,-1.4610013,-1.5978256,1953.8307,312.4096,245.90512,147.98175,158.25456,93.83121,56.74327,68.017845,62.639595,46.978104,43.11019,40.63855,50.357754
video5,clip_026,0,-241.88394,200.34207,-25.65105,26.119247,-10.18004,3.047928,-7.9361515,-6.2816763,-4.7580657,-6.494523,-5.529099,0.0141892405,-1.9757789,819.86414,346.7987,169.4463,164.56587,128.24428,91.13321,45.922585,55.859,38.678017,58.88513,30.337715,31.090803,36.314877
video5,clip_027,0,-242.00299,202.89417,-25.37873,23.185692,-6.513839,6.2175384,-8.920113,-7.50334,-5.5788474,-8.350762,-7.643258,-2.7154448,-2.0922205,1044.4895,596.0112,178.93872,234.74414,131.39711,116.987015,61.065884,65.648605,45.90451,53.914055,37.304344,41.69876,41.055267
video5,clip_028,0,-235.72328,201.09871,-25.126406,25.441685,-9.514401,3.7293994,-11.468752,-5.185428,-5.9093475,-4.8031073,-3.934762,-0.039195515,-2.1350107,1105.8864,443.94208,182.47266,170.7267,127.231926,78.81212,71.829,74.90033,75.93685,43.294907,43.403507,48.772343,59.825653
video5,clip_029,0,-346.41156,177.87732,11.7515955,23.329826,4.988836,6.930222,-1.9642788,-3.718241,-4.168725,-0.24096993,-0.5064837,2.0611393,0.7362356,7783.885,690.3046,1195.7599,205.6291,203.38937,142.12062,227.87433,146.36417,107.80855,80.004486,56.17802,34.968082,54.39707
video5,clip_030,0,-398.02655,184.6836,11.503442,19.04927,1.4031591,8.0387,-9.843375,-8.112002,-13.016357,3.1295433,-2.1759126,1.879589,-1.9219943,1090.5569,526.0924,193.61723,237.55746,137.68253,87.92954,77.02351,80.88132,126.962166,68.043976,84.36218,53.833496,46.978355
video5,clip_031,1,-359.1212,159.6326,-3.5956037,20.592907,2.723069,6.385303,0.03533577,0.85338444,1.2541858,6.428253,7.99978,4.930762,-6.8611145,5090.2446,1395.0947,355.36078,159.71825,137.61795,107.43644,80.80138,92.10136,63.331852,202.25485,161.20168,44.467506,58.22979
video5,clip_032,0,-345.44815,175.44211,3.536919,4.0372467,2.7622726,-3.759314,-7.884472,-7.1692266,-10.950938,-13.765352,-11.091229,-6.436991,-3.3786297,3215.6628,683.65344,296.47894,201.35939,122.49441,121.53029,98.57222,74.11956,59.21839,42.45992,47.152462,52.17277,41.70982
video5,clip_033,0,-382.0711,162.55142,-4.9159822,17.59304,7.8478284,5.5294323,1.341956,-3.8032591,-10.581258,-11.665801,-6.041624,-1.8416189,-6.6421976,2191.6987,1171.9979,159.72371,158.45207,107.823524,105.76833,56.18881,84.24627,62.40371,40.79491,46.809444,89.62813,59.300682
video5,clip_034,0,-354.34613,177.6421,2.5287032,14.475472,6.591311,9.957002,0.34605202,-4.405752,-6.09633,-6.2972727,-2.5083544,3.2742722,-1.5441384,6280.4946,859.892,637.1765,267.47885,276.18454,115.6525,134.82451,102.192406,54.915485,63.21717,106.850334,91.48884,46.7515
video5,clip_035,0,-325.82462,173.07918,-2.330703,28.939798,2.9621532,10.905629,-6.274851,3.8830807,-4.0975,-1.7642162,-2.727239,3.0990012,1.7082657,2942.2458,739.35925,483.3095,244.94872,173.15125,82.35931,84.45123,100.95241,52.06957,70.83728,61.60259,43.5625,43.82654
video5,clip_036,0,-289.95682,176.02638,-10.522203,30.71405,9.150236,16.310953,-4.9199815,4.7470236,-3.4100091,-0.31398687,-3.362047,-0.2193923,1.5458344,2051.8054,627.36005,516.4962,232.77292,202.60306,116.60692,117.80575,108.035286,61.391323,59.860325,48.000618,45.451958,35.157272
video5,clip_037,0,-352.9816,170.69864,-13.538245,28.56355,-3.2726886,5.0932674,-12.30181,-4.995161,-9.670651,-6.788662,-3.306225,1.899385,-10.613613,3115.7876,458.40448,464.98578,132.53969,115.6009,186.41214,67.713356,108.870346,58.234764,65.963196,41.90813,40.165905,75.38054
video5,clip_038,1,-292.2945,176.93219,-12.809551,34.419384,-1.6825653,10.056003,-7.9136972,-0.33189115,-3.8804157,-3.2614245,-4.535952,-2.0441084,-0.9087932,1364.188,497.6034,404.4523,373.63083,149.69337,103.41845,62.83417,46.027958,52.74788,46.771385,42.45608,35.44211,38.905807
video5,clip_039,0,-295.2656,159.67493,-11.493054,37.970512,8.19995,8.839252,-1.3856314,2.8307316,0.9696971,-1.175208,-1.7505642,-0.06740737,0.67802644,2585.6924,582.202,435.32758,291.45142,171.3219,90.3836,88.4768,78.83663,67.941536,46.169525,41.98434,47.416492,42.276505
video5,clip_040,0,-343.05777,162.16458,-8.45962,28.712938,4.9214473,9.938839,-6.1536484,4.662548,-0.5957881,0.43498346,-3.1286135,0.78380287,3.022247,2626.5203,477.531,575.51587,232.8827,137.01239,79.956154,54.382294,58.69245,51.090176,42.986526,46.535297,47.139416,50.744896
video5,clip_041,1,-351.8309,176.90651,-19.821888,29.644426,-1.9515443,16.018599,-2.3763318,10.823658,-1.5241976,5.955992,2.271846,4.8548193,2.336805,1116.2008,775.449,237.97038,119.35623,102.44089,48.205997,78.47703,46.100986,59.161304,30.040527,75.54471,27.239902,40.982437
video5,clip_042,1,-233.1226,148.54501,2.546926,40.326324,-13.024192,24.449408,-11.24606,8.608363,-6.8737984,6.2991514,0.23202987,4.6762495,3.9197364,2718.084,1873.0126,117.24211,330.7306,292.22952,147.1644,147.87039,237.16412,130.57585,109.00174,90.96546,54.43814,61.784035
video5,clip_043,1,-198.53825,184.99957,-14.914952,36.62456,-13.960669,14.231494,-12.55034,2.1190283,-8.087621,-5.1552663,-6.5139937,-2.206656,4.333648,2524.578,687.28516,209.0309,207.51868,122.751785,57.66378,79.17048,114.78505,79.95241,159.38765,161.24556,58.39852,75.88343
video5,clip_044,0,-240.6618,190.83067,-11.266687,23.855114,-11.702736,16.746996,-5.805589,2.1812873,-2.580282,-6.5231376,-0.42224544,3.1680756,5.5860443,1396.6732,253.62454,140.99089,143.56023,107.03756,76.53512,77.0571,53.842834,39.47948,56.076767,41.59187,45.89877,51.101562
video2,clip_001,0,-562.7673,71.51097,-10.769134,12.616515,-21.19188,14.983231,-17.562683,7.29765,-20.963522,9.3180275,-15.264305,7.1396375,-19.263037,42415.125,1400.4812,152.52365,94.609474,145.862,84.5431,100.67188,38.335003,137.3299,42.28272,80.36096,33.61374,114.24174
video2,clip_002,0,-414.48166,91.060814,-19.119944,20.319792,-23.60265,19.96945,-18.250935,12.969695,-22.081173,10.985159,-20.22143,8.53399,-21.236126,2263.9387,85.70157,418.54755,63.21239,48.277683,24.526264,32.29144,22.500252,23.114676,24.830935,26.43328,22.474653,19.506708
video2,clip_003,0,-311.20624,98.41964,-34.97049,12.831333,-21.099987,7.0269213,-7.7657604,-8.162854,-12.186075,-8.040721,-11.234615,-5.0672865,-9.794906,4754.7583,1169.9943,547.454,243.59642,173.17131,211.98744,84.242256,52.004585,76.09657,58.168182,74.6516,63.52746,44.961628
video2,clip_004,0,-401.52823,91.73851,-19.452375,4.852467,-19.904306,5.1605525,-18.23653,0.09290912,-14.093346,3.0076776,-13.924278,-0.53293973,-10.747866,4326.197,536.0217,560.68555,260.17096,117.075226,88.31483,113.49481,38.121033,52.332973,36.71508,48.707535,60.001694,42.952137
video2,clip_005,0,-330.335,133.92369,12.570868,45.545616,12.391332,39.199085,5.696795,10.153834,-0.12834004,11.275754,6.5238566,-1.3628796,-2.206482,4789.0034,1054.6655,1261.8087,516.609,539.93445,336.97952,152.58823,106.367226,79.53029,101.6032,95.46246,82.31607,70.575455
video2,clip_006,0,-246.07324,159.75125,5.8671145,47.056522,4.9126644,26.769978,0.89290375,11.491158,-0.40771198,4.879161,3.0590515,-7.1170435,2.0739138,8113.5967,1576.1813,1849.0,385.2714,510.85257,202.1178,130.88731,92.795944,104.396194,126.124565,86.43819,53.98256,64.12848
video2,clip_007,1,-206.3599,175.9957,-10.707817,47.780098,2.9530525,23.396366,0.45889202,6.3306856,-4.010842,1.8535758,-0.17573343,-8.182776,3.2743063,3913.048,588.45776,510.0717,336.05716,432.34937,140.77782,115.84497,65.38535,49.41919,60.733883,54.259846,36.732,44.441162
video2,clip_008,1,-388.75247,90.13317,-31.843191,5.847853,-5.7030873,-5.9047856,-9.772567,-11.587141,-12.598064,-9.415402,-8.746123,-10.162852,-6.480093,9361.9,2082.4016,1216.06,424.1698,269.83948,220.23376,198.4268,147.34747,135.95018,92.752266,72.76811,115.126434,51.927933
video2,clip_009,0,-317.50415,123.25906,-55.75157,12.764344,-11.234197,-2.8028653,-13.427986,-14.233623,-14.221054,-10.6177225,-11.107773,-13.425279,-7.4293766,8283.992,1850.159,999.178,366.64093,466.75058,243.17072,210.82996,142.22043,153.64995,112.31562,109.88814,183.88321,82.25799
video2,clip_010,0,-368.23825,118.63449,-23.035015,-4.3816843,-1.1921486,-4.372425,-12.466665,-11.158634,-11.604941,-10.706135,-10.982157,-9.963458,-9.277135,10466.08,2665.1553,1170.7188,513.8587,544.7117,99.31026,235.75797,93.71679,152.29115,74.405174,105.20608,88.22286,79.00742
video2,clip_011,0,-435.25885,127.87332,-6.6930466,11.275139,-6.8986897,-4.197767,-10.56551,-10.01122,-17.408567,-11.464884,-6.9093575,-5.6226687,-8.480908,10317.804,2397.824,1194.4363,1043.386,575.70807,219.89948,239.42189,127.46554,145.59985,124.792725,93.40038,69.75734,90.06621
video2,clip_012,0,-322.2891,118.51203,-23.225683,9.676127,-4.0499687,-3.9799216,-11.775982,-9.810745,-11.083809,-12.39021,-9.858437,-10.9184,-10.044091,6246.695,1642.9183,1036.5522,703.6547,446.33124,346.0197,247.37029,143.06177,82.01529,154.72353,100.96145,121.54615,68.39045
video2,clip_013,0,-351.9689,104.56025,-19.175749,9.589583,-7.778512,-2.4038298,-11.6657505,-12.064289,-12.426879,-4.050456,-9.148581,-8.146755,-11.098004,7174.765,2540.708,1446.4061,988.3979,382.5972,230.73972,212.01271,149.84631,137.38077,115.75416,88.1458,64.94474,81.76886
video2,clip_014,0,-404.3036,101.46057,-14.7315445,8.33327,-11.161287,2.3454702,-6.539911,-3.1256034,-11.795835,-2.3601315,-9.376879,-0.8977417,-8.602251,6168.208,555.9485,1014.5233,251.41418,253.77313,122.36309,83.03288,58.03984,40.073803,50.11663,33.849586,40.13616,46.26144
video2,clip_015,0,-451.9338,110.02877,-0.7087723,20.520697,1.752235,13.104581,-6.3281736,5.9801397,-11.882889,7.665658,-13.533657,5.686217,-9.074365,5638.4697,260.93665,1611.6682,339.39227,207.19498,75.023315,94.114525,74.92784,57.04509,43.590183,49.439358,54.022537,54.962906
video2,clip_016,0,-478.13593,96.75586,31.527264,-0.4191559,-9.197965,0.72595835,-4.6544294,1.1091156,-12.921949,0.86374444,-8.229527,1.5650223,-6.8083987,5229.0044,939.58185,840.121,320.23755,194.43211,130.2735,74.98401,64.81699,81.85442,48.183357,35.70134,28.8523,28.707237
video2,clip_017,0,-371.7744,98.03786,-13.061401,13.893635,-2.7193007,-0.5214479,-6.9451675,-8.664047,-11.124647,-4.7672215,-4.7043996,-5.019055,-6.0418177,8149.494,1638.6398,1038.1124,568.51666,309.77487,161.65042,196.67625,98.991196,104.984116,50.56018,55.008633,96.207726,71.32194
video2,clip_018,0,-386.0126,119.56797,-8.10823,9.092876,-13.308865,-6.7067165,-9.158537,1.6806014,-17.440681,-0.8034595,-9.450304,-3.0439842,-7.0454397,10385.609,2515.0596,1723.7783,613.0497,399.34247,659.9027,194.81433,184.09695,164.78226,92.7448,75.93008,101.31534,75.00171
video2,clip_019,1,-368.31973,128.981,-3.9652927,10.390295,-5.940305,-6.100435,-8.32772,-6.8808165,-16.0662,-4.5165734,-9.262584,-6.1783943,-8.110382,11883.508,1444.3357,1709.2905,534.9049,322.75986,247.83884,196.92192,137.5871,143.00598,88.83779,69.36717,126.66232,57.947067
video2,clip_020,0,-427.34744,102.459564,9.107359,7.140024,-3.387123,-2.6590068,-3.1126082,-3.3204641,-11.337915,-2.6624765,-6.9387074,-2.830199,-7.547163,9277.452,920.63007,1736.1279,357.7505,117.30725,110.82647,107.14341,64.91939,67.7177,59.31081,54.819782,60.539898,48.835228
video2,clip_021,0,-383.0876,96.08129,-42.273186,15.569597,-16.155212,13.530195,-14.887916,4.627374,-18.979883,8.039371,-16.76535,3.0239503,-11.643487,10231.174,199.40492,3343.8132,204.09738,138.04855,63.36989,191.88763,50.147774,77.66922,41.21107,35.053806,87.8987,53.85654
video2,clip_022,0,-396.46927,108.06255,-47.68535,11.010846,-15.422073,4.192257,-5.6902723,-6.53982,-9.739191,-3.5885634,-14.530793,-7.771682,-8.737491,10436.606,2187.1694,1803.7404,754.1359,257.03253,116.65049,131.95651,70.85399,110.10363,53.292057,49.519093,66.150856,31.597807
video2,clip_023,1,-446.92392,102.014854,-8.167912,-0.8614079,-5.502671,1.8359543,-1.2598321,-6.1494713,-4.4574103,-5.701944,-8.856651,-7.0050173,-7.7529817,8882.662,1958.408,1276.1035,293.62387,199.29305,69.58012,72.87503,84.828224,97.23026,94.27035,73.03191,28.401106,48.081013
video2,clip_024,1,-456.25284,81.26929,4.6038165,9.151808,-3.7605512,-0.82617676,-7.6396036,-4.4774823,-6.515922,-4.5406322,-5.8249183,-8.332359,-8.158811,8809.841,1530.084,726.50775,349.96045,227.25313,96.607704,150.0283,57.594124,76.037186,42.608505,40.69506,37.018284,29.742935
video2,clip_025,0,-301.0451,154.54062,-15.892605,-4.705025,-7.6901608,-11.23473,-16.460054,-7.888883,-10.353911,-3.9130013,-7.7357802,-11.426351,-5.282606,3031.5898,1226.7454,551.91455,656.36487,499.30133,226.25754,173.45041,128.07906,122.512245,122.903786,70.37994,76.97686,61.266247
video2,clip_026,0,-276.79715,160.5191,-31.304567,-0.020561812,-9.685316,-13.691267,-17.361908,-10.657549,-17.013721,-6.302343,-11.446853,-14.944652,-5.2998195,3631.8308,1429.4058,538.3532,746.5366,588.7448,261.93008,196.39578,143.30615,124.05449,162.92429,62.71715,129.85844,56.229866
video2,clip_027,0,-312.74258,135.59146,-23.079844,2.3108928,-4.518874,0.43826005,-14.927057,-0.0023429163,-13.223351,-6.9352813,-7.1578827,-6.937885,-7.9197617,2144.8015,2955.9177,379.7045,485.2058,507.7591,252.16716,92.58689,209.04622,84.37463,101.69157,57.92286,53.63191,40.658424
video2,clip_028,0,-301.67386,116.91781,-31.250175,13.21262,-28.119501,3.6361237,-19.202673,-4.430472,-15.532475,-8.43868,-10.601538,-4.612831,-7.4222546,5203.394,2124.6902,624.3513,546.23865,315.014,263.15912,175.24089,199.52338,154.74304,97.907166,100.99289,71.28641,65.21255
video2,clip_029,0,-346.8514,107.147545,-9.922759,13.0208845,-24.635717,1.2771355,-14.805665,-4.536268,-12.608587,-5.5143204,-9.131847,-7.740841,-10.267678,11160.446,1090.834,707.1585,266.7655,440.47824,187.71925,232.66728,105.070206,153.68198,80.835495,97.10025,96.1577,76.253334
video2,clip_030,0,-362.53302,109.04051,-15.8362055,13.754329,-20.988647,1.8914231,-10.906788,-12.489708,-19.008038,-9.630905,-9.818227,-4.5464654,-9.318855,8087.863,1924.2749,741.4456,525.70984,503.78488,154.37683,199.13841,99.29584,200.29788,109.62804,127.73135,113.477196,76.8754
video2,clip_031,0,-384.46918,104.604614,-20.709902,10.6142025,-18.78461,6.306261,-14.750542,-1.9890898,-13.059954,-9.156691,-8.285111,-7.5308294,-9.229129,7505.6846,1489.5154,441.27573,249.20273,239.66055,248.60646,151.56683,105.51153,121.4902,75.4364,66.66401,61.636295,61.303528
video2,clip_032,1,-397.34335,107.31507,-2.17197,23.194618,-10.359934,4.4156175,-4.497038,-1.9330064,-12.104991,-9.677728,-6.3409925,-5.579187,-10.025041,8566.772,2846.6863,547.61163,669.0586,592.9018,432.43527,211.25867,167.87292,119.38587,109.245964,62.41852,91.83669,77.08696
video2,clip_033,1,-449.92697,100.147064,4.104133,20.739391,-3.3955154,8.862248,-4.916861,-2.2615438,-4.7892833,-1.8228264,-5.470983,-3.2255552,-5.8107896,7247.6626,1947.6414,474.28955,274.2233,311.34827,188.69109,196.98528,165.95792,165.42633,89.82779,105.96086,81.26885,98.43851
video2,clip_034,0,-428.9629,65.10354,11.104075,12.945326,2.9527965,4.6456494,-5.27231,-5.829611,-9.344579,-5.0150537,-5.5061455,-3.9687505,-7.857502,9217.214,1254.2872,584.38153,329.88333,204.52278,146.40779,136.0775,145.88121,225.80493,109.23683,110.74443,89.88089,145.20164
video2,clip_035,0,-301.03223,125.67836,-20.497995,15.181073,-19.035732,-0.5094887,-14.542394,-11.442518,-10.58599,-11.436493,-9.405166,-7.4456124,-10.236434,5637.771,2069.492,839.4655,612.0699,452.7203,342.46512,222.44514,155.01443,154.67958,97.738525,88.49447,102.19462,89.95522
video2,clip_036,0,-322.18066,111.175575,-15.250783,5.2195,-14.605342,-1.6261662,-12.910044,-14.190726,-10.351956,-11.256357,-11.950207,-4.687663,-9.115889,6713.3105,1854.7678,891.82043,646.8086,310.53738,286.96802,213.45457,178.80734,158.00327,112.22511,91.97321,80.778145,66.288185
video2,clip_037,0,-281.80057,108.36244,-22.277617,11.422302,-26.853653,3.8019419,-21.16521,-8.596356,-16.011703,-5.935478,-11.2861,-3.8279378,-9.855196,7262.048,2076.268,697.312,340.64697,292.24133,231.94476,183.32741,186.01384,102.42473,77.44878,98.237976,93.93718,83.54669
video2,clip_038,0,-381.88895,107.48571,-6.5139523,5.290105,-11.8781185,4.4309673,-9.239482,-3.0510645,-11.154534,-7.5067225,-8.416713,-6.3024426,-8.730956,12463.194,926.80115,398.21146,297.3902,197.4904,138.72058,83.17721,42.950874,88.39754,44.225086,43.91598,32.982014,38.170567
video2,clip_039,0,-482.60852,131.6252,-11.601508,12.363985,-20.019726,6.9468684,-12.8012495,7.8908157,-23.631857,7.465861,-22.812605,5.8208084,-22.046665,760.8569,55.60599,38.528797,29.285986,32.751774,21.29088,31.42292,22.185184,23.352926,18.072626,23.185396,24.50512,17.282784
video2,clip_040,0,-308.07162,131.22688,-26.380245,7.2260704,-15.394714,-0.700142,-11.943047,-2.079073,-11.009212,-9.403969,-14.836092,-4.241592,-12.539565,6480.141,1444.4486,652.4397,410.19492,296.20303,268.43515,262.60175,109.330376,93.158485,107.47734,89.08569,76.86785,36.713524
video2,clip_041,0,-313.95218,137.09029,-26.394953,2.325683,-13.437373,-2.0668097,-12.512116,-6.6408668,-11.980954,-9.072689,-14.170202,-4.0200944,-11.110765,7412.966,1057.7317,937.00024,312.85767,263.05774,191.71259,257.82,92.279785,102.88594,96.74994,91.38937,66.49069,63.321186
video2,clip_042,0,-309.44174,131.82878,-25.624048,5.196278,-9.979506,-0.515143,-15.016249,-6.870711,-8.3118,-5.8089066,-14.69373,-1.7244154,-12.972413,6851.4214,1395.401,845.5007,354.99033,313.68817,286.115,280.37064,105.87385,136.00223,85.1911,83.57885,83.572136,67.45589
video2,clip_043,0,-353.1345,128.8883,-8.501316,-0.9626779,-3.934365,-3.442412,-6.047502,-6.2770853,-12.716524,-10.660023,-9.668071,-5.164843,-12.025835,3373.892,915.8292,331.4034,165.26067,231.19186,124.1604,169.65842,83.91741,80.321175,106.20923,55.994053,39.20476,79.68623
video2,clip_044,1,-371.63678,130.68683,-9.509817,-2.19007,-15.90231,-5.267403,-10.450817,-0.9376924,-15.734488,-3.8306105,-14.986422,-3.0937912,-14.205161,2664.1953,582.7174,383.4417,370.79932,162.7798,148.52428,118.55034,78.85822,68.826744,50.888283,48.51009,46.870922,38.068295
video2,clip_045,0,-307.7054,134.57152,-20.755117,9.07039,-15.416837,5.282449,-15.211438,-5.5856705,-9.146674,-4.232097,-16.505234,-4.8715243,-15.225828,5753.207,1164.5587,828.49493,509.57278,278.17697,248.4588,263.83356,118.75115,142.50478,83.75488,99.21103,81.07597,59.44993
video2,clip_046,0,-300.43164,132.59047,-25.68683,3.87785,-16.551828,-3.0095718,-11.768827,-3.8605318,-8.871675,-10.019969,-18.031393,-5.406807,-13.381193,4737.7427,1015.7042,952.992,521.7049,433.77658,302.54468,236.21303,128.66821,180.67662,121.71331,168.05153,74.48632,67.21352
video2,clip_047,1,-312.46622,134.82439,-29.454824,-2.359008,-7.7280645,-5.5913463,-16.49224,-5.665905,-14.860728,-11.728889,-11.042634,-3.2700775,-11.580062,5823.0884,1025.9149,809.8087,303.99878,292.66904,259.00888,255.78119,155.21936,136.19708,101.254776,99.63658,81.58757,78.3025
video2,clip_048,0,-340.2404,128.30418,-22.09578,3.429659,-8.931711,-9.867288,-15.213485,1.8935797,-14.939967,-9.060309,-13.712987,-2.3543403,-14.067488,4962.9272,675.85126,725.78204,317.13535,210.26494,299.4087,218.98271,157.56387,97.215004,101.36471,81.66055,61.690258,63.237778
video2,clip_049,0,-248.61359,137.38313,-14.1496725,20.503794,-17.77615,6.7366157,-13.032482,-2.3058646,-10.718787,-7.2385883,-7.5817947,-6.0683312,-4.875874,8218.092,1702.9358,769.0504,774.62744,342.6502,302.38498,171.23906,141.01772,136.24994,139.36832,90.13352,63.32763,136.00786
video2,clip_050,0,-143.79785,182.69008,-36.634884,45.457977,-19.528519,15.16853,-8.423823,3.099968,-3.1046813,-2.766736,-3.9981968,-6.8478284,7.9274497,1120.4213,174.43085,289.3833,216.30876,115.01526,154.14993,46.435814,60.28481,61.017998,52.827805,36.97228,37.930042,45.549286
video2,clip_051,0,-147.42126,175.88255,-39.664955,49.026863,-22.56418,6.587633,-9.111299,2.9627445,-0.30840257,-2.6991541,-4.1817036,-5.2505326,5.2355604,1668.6483,198.757,275.5991,297.23694,177.53241,139.30449,52.949608,45.32298,46.268707,48.458344,31.997423,39.041363,44.141617
video2,clip_052,0,-286.39154,158.49971,-32.68942,38.04724,-5.3894577,7.710625,2.862738,-6.718813,0.6886992,-5.685292,-5.3987913,-2.5941362,0.22443728,1544.809,349.2148,433.06537,292.25513,127.40588,167.59721,74.69826,74.68466,105.61727,46.115032,35.484867,47.9838,61.563858
video2,clip_053,0,-308.80325,168.55528,-27.255587,45.9264,-10.165989,8.760891,-3.3632135,-1.1879622,-1.2299016,-2.4449737,-2.5180795,-3.8089435,2.4006016,1378.93,198.31012,386.65286,180.04099,127.939125,160.11761,59.440468,52.967945,56.007366,34.728367,55.92923,35.275135,59.350716
video2,clip_054,1,-274.2451,175.08176,-22.918583,50.202297,-4.414396,17.554703,-3.9705005,-2.9673946,-5.2633047,-4.5545506,1.6561363,-2.730599,5.0274158,2160.5364,221.05423,665.6574,188.74243,214.22572,113.05215,91.02908,74.33184,89.0774,51.75664,50.05186,50.43987,51.074524
video2,clip_055,0,-197.30637,178.89452,-36.920883,50.496616,-20.751482,10.291656,-6.6072855,4.104904,-0.9870203,1.1695502,-2.2831492,-6.749775,3.7708795,1270.4896,276.43384,293.0909,182.48264,184.1994,98.27145,82.00767,46.202526,89.63254,47.9927,44.46963,35.80704,55.182663
video2,clip_056,0,-206.49178,137.98701,-47.736835,36.478073,-3.8766406,21.846107,-4.9293895,4.5166106,-3.271244,8.050359,4.129084,-5.893239,-2.6191647,1327.3127,356.07172,510.50385,124.32519,132.82503,76.90599,103.65264,77.28603,68.25428,63.545567,102.792404,53.96795,74.96811
video2,clip_057,1,-248.23329,142.6724,-42.68559,21.007452,-0.1473175,6.3114285,-17.223207,0.7768015,-12.103273,-2.1492395,-4.95975,-4.088796,-1.578065,8972.008,1384.5752,956.6473,1225.2476,401.06744,878.8706,385.93915,158.44337,126.14559,286.87973,105.47459,98.66273,121.379425
video2,clip_058,0,-449.08557,92.428314,-16.05221,-11.717199,2.3198838,-15.418302,-15.971996,-8.2748375,-11.9173565,-12.517401,-7.3702636,-6.6249166,-8.046519,10839.714,4267.6523,1673.8658,427.30576,264.10355,356.06027,484.73022,106.92437,119.03466,143.41373,56.533016,69.74011,53.687843
video2,clip_059,1,-446.75433,130.02827,-40.01032,-29.521444,-2.00812,-22.647839,-22.262087,-12.642749,-20.13024,-22.509352,-13.464107,-10.481577,-11.204027,6435.5796,2580.9636,2163.3608,1068.0001,467.9151,472.98224,494.44904,183.84325,347.82376,322.45203,113.561066,107.54936,98.87463
video2,clip_060,0,-449.2136,89.689156,-20.64753,13.504645,-10.732706,-2.3251224,-5.202475,-6.6569304,-11.638539,-9.532688,-11.180503,-8.988522,-8.065714,18194.04,3843.4165,2295.697,467.52994,385.3593,74.703896,142.16486,84.32434,93.89915,51.069553,57.22355,49.9822,37.47429
video2,clip_061,0,-224.49783,230.01042,-27.651384,25.095434,-10.675075,-13.098521,-2.0566084,-3.2229397,11.775226,-13.294203,-7.230792,-4.4664936,-9.79765,3179.5054,253.03955,797.9524,292.46753,460.28595,140.17686,66.35576,73.61773,122.86289,124.34838,69.4277,37.27397,44.503002
video2,clip_062,0,-218.57115,192.47736,-15.955987,31.33739,-6.340032,-7.0982227,-1.4347314,-7.101473,10.032896,-6.1086373,-5.6515694,-5.140946,-3.328772,3361.2769,585.6696,974.70264,824.7687,370.04956,216.18301,98.40375,147.50087,94.03847,116.80243,81.26242,66.60228,52.415348
video2,clip_063,0,-213.84932,200.50513,-35.570213,41.483967,-11.095752,-3.7062056,1.8902057,-9.359198,11.099132,-7.943498,-0.67413193,-4.611774,-2.7403436,2029.3994,487.14795,587.23553,476.98138,257.57346,154.06837,88.43796,134.3632,57.087902,49.497147,88.1321,75.44292,78.81454
video2,clip_064,0,-207.14311,193.80386,-25.647308,33.83541,-5.238816,-5.9512205,-4.395964,-8.557093,10.687878,-9.5090065,-6.726233,-6.9041443,-5.417964,3373.7893,547.8709,1156.0283,705.88824,417.01755,245.30766,80.85612,132.2465,120.90141,85.311516,92.00216,78.364525,53.091812
video2,clip_065,0,-354.5347,163.92061,-11.510719,27.230394,-6.80878,-4.4359326,-3.7265036,-6.2649455,2.1062849,-5.104732,-7.357971,-8.414414,-5.742809,10117.304,1644.15,1452.8319,915.3023,264.92896,211.17964,92.27692,83.42531,99.56653,93.33591,60.249992,68.44034,58.013412
video2,clip_066,1,-405.32104,152.72139,-25.6672,23.54918,-26.911535,13.856942,-13.447902,5.3507657,-17.055477,2.5697608,-13.02285,-0.08792039,-13.736463,3138.7722,667.0904,555.9827,309.57898,187.46515,86.72996,73.36432,80.91248,57.25814,49.181488,28.349148,36.123837,30.854494
video2,clip_067,1,-409.3718,127.51283,-0.72879285,18.88641,-7.625587,8.947884,-5.415187,-1.3057101,-5.8450236,-1.5360345,-7.4108834,-2.5914516,-4.4368296,13693.206,728.02057,1820.8657,109.85104,376.21976,73.82463,209.29242,69.111046,119.128136,47.323143,82.93626,48.34235,71.34165
video2,clip_068,0,-395.56216,110.46166,-19.722956,11.636585,-8.459142,-1.12455,-6.4414854,-8.5478,-10.344729,-9.343173,-7.0208507,-9.98578,-8.7206,4902.173,882.3745,869.32336,444.78674,229.8358,132.68752,95.87719,54.828346,70.758156,51.899704,45.94563,56.614555,33.45712
video2,clip_069,1,-319.69516,125.26676,-36.275787,21.65123,-13.769976,5.2161703,-12.253523,-11.741979,-16.045437,-8.098766,-3.9858952,-10.423947,-10.08836,3667.4321,1011.98773,1110.5764,326.1912,330.40775,159.55757,112.5825,72.55471,105.50028,99.39559,62.330585,60.694313,47.92264
video2,clip_070,1,-394.5229,121.72925,-0.8298418,18.940481,-10.4188175,5.9371185,-5.577145,-4.0273194,-7.1910677,-5.6908274,-3.7605531,-3.683389,-5.3320312,2665.6958,715.1337,520.0358,263.94165,349.6062,119.1573,144.43584,74.792885,80.98242,45.062683,70.5025,62.77303,60.1721
video2,clip_071,1,-334.71213,167.30234,-38.150253,39.79611,4.4012895,10.110205,1.3290803,1.636565,0.40859044,-0.71047014,-3.6761591,1.6923043,-6.06043,3929.6858,384.11285,1213.3301,287.28134,170.08833,105.62036,74.23169,81.68964,60.823708,58.87494,46.526592,45.071373,73.85181
video2,clip_072,1,-278.4318,162.24532,-57.693253,51.983017,3.0623994,5.034129,1.530892,-6.833309,4.074939,-5.6566734,-2.565416,-0.34815118,-10.889275,2481.7725,588.44714,634.9829,441.47537,243.53438,117.45429,88.87763,134.62196,103.90505,70.16308,61.012188,66.40376,78.09527
video2,clip_073,0,-263.98672,175.79182,-53.36853,41.35133,1.0107468,13.893455,5.358656,3.150228,4.4430017,-2.1722782,-1.8687986,2.1995583,-4.205345,3274.9958,288.34036,912.67664,486.81366,196.4141,167.90672,121.27028,120.65788,115.302605,88.71857,76.91139,72.085686,66.28008
video2,clip_074,0,-236.55597,157.70828,-63.71762,41.47115,-8.485519,9.545278,0.64719194,2.0380156,-3.0145133,-1.8315737,-1.8954322,2.0095642,-5.9548154,3011.4712,722.85864,571.6592,332.6394,264.60248,233.7507,139.07172,157.6408,175.97232,90.632614,69.427124,72.81274,73.605896
video1,clip_001,0,-581.71985,47.59771,8.704582,9.176482,5.2866435,1.4817879,2.241248,2.3397303,1.3532648,1.1585809,0.8190719,1.1748543,0.3128053,7818.4336,3513.0747,214.32672,154.9366,68.26897,40.124287,25.749525,22.998232,13.541069,13.916825,16.672396,14.236961,10.931282
video1,clip_002,0,-375.83334,131.20872,4.494575,18.897442,1.6060752,6.9725666,-5.333852,0.5703393,1.7280108,2.5014315,-2.547059,1.2082582,-2.155583,4352.5737,2317.7402,631.1061,513.9305,270.28305,129.46515,196.0106,131.40523,106.91084,146.25166,80.28078,70.10113,73.81437
video1,clip_003,0,-406.0732,144.46642,-0.7249948,23.754913,-1.5004797,12.673877,-10.53861,2.0059772,-0.9054477,-1.652422,-1.5595094,-0.7223626,-2.8476512,3310.8071,1781.651,502.01413,464.4334,315.89474,214.6526,170.09358,153.67189,105.54789,98.39752,80.79761,81.76889,66.94075
video1,clip_004,0,-423.51266,139.58208,4.209795,20.183231,2.326485,6.4987392,3.0611687,4.8278003,5.9753847,1.9608239,1.193967,4.6968007,0.773057,3868.185,632.414,398.0582,167.41287,128.3361,74.95931,108.1275,65.72615,73.59718,39.322697,51.466923,39.190674,42.579414
video1,clip_005,0,-493.9125,133.26189,24.922533,15.707274,7.9108477,13.268035,6.994725,7.0459256,1.4505348,6.499556,-1.5440495,7.895215,-1.5750521,4631.5273,529.6211,574.82764,163.14992,111.91839,58.025204,48.069534,38.577106,41.161312,27.273708,23.523396,22.209217,25.97478
video1,clip_006,0,-467.18723,138.92856,42.5789,17.062668,14.403438,15.421023,1.044873,1.1641777,-0.1338598,-0.205719,-1.5377587,2.7138567,1.109261,3307.364,1089.6362,206.75636,259.40448,241.84741,119.57703,125.8856,88.18262,91.302414,80.98708,52.15788,40.91658,43.104195
video1,clip_007,0,-483.3027,157.30858,29.06225,30.613457,8.427638,19.097609,-6.389962,9.622598,-7.9262314,9.618945,-7.87602,5.798448,-9.643696,2972.9304,954.84546,259.72543,258.46945,78.60732,77.39521,71.93147,37.65239,38.970924,34.075382,38.308884,55.30308,47.6707
video1,clip_008,0,-442.02386,170.5251,22.620016,39.017933,14.4700985,13.039563,-3.8706832,5.0438724,-5.8169136,3.1597805,-5.3094025,-0.1752518,-7.4040637,2400.9104,1308.9954,191.34218,178.83461,123.74302,117.66567,40.518333,48.743774,50.07216,50.22296,55.596775,56.902107,40.735516
video1,clip_009,0,-511.73096,92.263275,35.864388,22.172863,14.662748,13.881102,4.5430074,2.9633617,0.9308628,0.00026524562,2.9497252,1.2648367,-1.7957753,6214.6396,2394.4429,308.8674,268.0206,184.68173,122.18496,109.796974,62.24177,73.19502,93.67311,49.602013,47.881786,63.808533
video1,clip_010,1,-482.79483,94.68133,21.93998,17.87961,10.588966,15.302488,1.7983863,1.859813,-0.8809317,0.30342504,1.0228039,0.6214228,-1.9229285,7836.2886,2173.502,438.69437,272.10437,412.81247,179.64034,157.44554,83.7725,71.896645,81.62605,92.96424,70.92683,55.19968
video1,clip_011,0,-554.3079,114.74589,55.261097,33.457176,19.780313,14.240808,7.975777,7.4417815,3.3908095,3.658323,2.5055904,4.3536396,0.6782397,2419.9387,1661.1892,688.33136,206.92827,83.90811,46.449364,32.182056,36.668186,35.434025,24.560373,24.912146,21.064842,26.861814
video1,clip_012,0,-440.7069,91.26058,16.936632,24.976925,10.225381,15.241551,-3.947813,2.4129505,3.9430277,2.80957,1.7307522,5.3448524,3.9785297,15185.556,3619.5242,1741.2782,487.26193,613.4652,165.16315,252.27113,94.06071,117.73314,70.714714,83.80437,113.917625,91.43625
video1,clip_013,0,-519.9392,95.60007,23.961885,29.98517,13.870195,18.334208,-0.6765693,0.7087854,2.5950887,3.6626678,7.326533,3.3034885,-0.6201212,7534.8345,3203.5386,521.0549,587.308,407.67215,204.90643,153.83998,84.8753,58.9609,87.91381,60.03797,76.82444,48.189674
video1,clip_014,0,-433.66855,88.51528,17.197042,20.952835,7.5957203,14.455356,6.848827,9.238654,3.4130795,5.286568,3.401179,5.9967804,2.4298272,18363.287,3073.556,613.2158,499.22705,283.90262,141.05902,111.47152,68.543976,62.020706,64.19074,54.038513,51.328743,48.86873
video1,clip_015,0,-250.70337,134.90816,-12.016029,35.319847,-12.84634,23.335808,-1.9596728,13.70951,-4.2682247,7.509209,-1.1121893,6.8264284,0.22952375,6737.731,1047.3939,627.9068,346.17822,226.5004,132.63162,125.44757,62.98752,97.18585,90.492584,72.93212,67.09392,55.27229
video1,clip_016,0,-381.12598,126.20683,5.216719,23.664806,0.2806669,17.107727,3.3238294,10.03594,0.026840877,3.726113,0.9715765,6.0931487,1.3850893,13608.043,1016.2203,884.7428,495.68967,321.66568,185.67873,105.15848,72.777466,84.07107,84.73055,58.9076,48.605324,59.475197
video1,clip_017,0,-423.19913,146.51585,-5.4382477,14.250102,2.233057,5.7671227,4.5404224,4.354359,3.3386447,0.66506344,1.1781566,0.46015602,0.53475696,4446.1533,825.62354,872.80084,207.76083,236.25034,173.27339,130.84215,121.03316,66.14354,83.63721,55.91308,54.862637,80.189514
video1,clip_018,0,-463.99304,114.36176,7.3913283,15.007376,6.9938784,7.792172,6.85352,5.316915,4.2458467,4.2509913,4.778983,7.2106857,3.663314,5536.0117,1340.4327,692.58606,363.33466,251.10971,96.35039,69.0901,48.890507,44.480316,35.711746,36.573856,40.53643,34.210495
video1,clip_019,0,-471.08267,117.12619,-11.586335,26.426554,-3.658344,12.888688,-0.17435758,8.621109,-0.2991927,5.9166026,0.23679374,5.7544284,-0.1064672,8314.441,1467.2494,673.03455,219.17607,158.63539,83.633606,94.850334,72.8833,91.74263,47.95281,63.729744,36.722286,51.61134
video1,clip_020,1,-441.6717,102.81984,13.449842,15.401156,8.936314,11.969972,3.7361782,7.380453,3.1769626,2.1188748,4.1738863,3.048877,3.0510137,8095.7534,1393.3423,791.5807,348.87244,191.47922,147.3092,154.29489,77.788284,66.04381,66.28848,58.593254,39.407158,52.165504
video1,clip_021,0,-376.69043,128.58116,20.454159,23.62069,14.641634,13.491544,2.5771656,4.389802,-1.5108595,-1.265301,-1.61101,-0.36724743,-3.5354178,5845.1475,2314.7373,444.91705,447.99377,251.37866,157.78755,167.4814,101.02314,114.61284,93.15825,50.17858,66.41172,72.60832
video1,clip_022,0,-364.82507,156.87468,24.837605,23.725592,10.580646,9.416049,3.4158819,3.0724075,-4.138876,-4.3749194,-1.6829281,-1.9734434,-5.0676136,5109.8237,1980.585,618.7779,674.3904,288.87775,168.75363,146.01942,125.790825,131.26062,108.40162,70.89864,72.49243,74.246216
video1,clip_023,0,-396.62433,147.9914,23.695566,30.260218,13.050224,10.3506975,1.768551,-0.5137927,-4.695402,-4.306406,-2.7239819,-3.3803053,-3.8534296,5446.5537,1583.7117,618.8508,408.67517,341.01196,144.21419,84.38648,105.44218,133.41618,75.17204,46.03483,84.27803,91.9416
video1,clip_024,0,-450.801,124.58278,-15.044352,29.774801,3.5529475,13.929439,-1.6230227,5.381028,7.7735977,0.32950294,-0.115012966,1.5165174,-0.67490065,5768.032,1113.4302,1438.2327,742.542,469.35715,179.50665,253.56766,99.41222,118.98059,153.28438,107.61054,72.404,51.174206
video1,clip_025,0,-407.7064,134.21477,-0.4586558,22.722916,1.3471249,15.6120615,-2.122997,1.6960564,-2.7085557,-0.6666543,-2.748915,0.3254167,-4.0704393,5533.298,2307.0327,846.8256,744.79065,506.5043,153.76187,247.65164,173.92226,131.51465,171.0623,114.29292,64.41689,74.29428
video1,clip_026,0,-431.58286,112.78855,13.45043,22.283026,9.429793,13.557984,0.09161406,9.494501,4.6124077,-0.0698934,-1.5488572,4.451537,0.29272643,4596.643,967.8575,266.08768,247.71295,178.8249,107.00995,108.17475,72.80849,124.28163,53.20809,53.536728,53.300476,61.43045
video1,clip_027,0,-473.2298,131.74506,14.989966,27.636557,3.4947448,17.376928,3.8918304,11.607047,1.914444,6.804506,-0.34741437,4.9477563,-0.63531893,7206.4688,1181.1575,533.5865,192.24893,160.51851,76.07967,73.77356,52.492027,77.684166,55.985767,49.218674,42.261433,43.414207
video1,clip_028,0,-528.39166,135.7284,26.651514,27.780195,8.071225,16.908514,5.26723,11.212493,2.766507,7.0489235,1.9112858,7.5385585,2.4443812,9026.8545,445.03363,503.60547,308.23892,180.92982,79.556244,91.483116,47.06184,82.194916,33.15872,44.44528,46.81175,31.353127
video1,clip_029,0,-444.91748,145.12129,0.6005078,36.130302,5.833691,15.5837965,-3.3751533,-1.1358862,6.6152396,-2.0975554,-2.4310753,-2.880736,-3.3458667,6704.9585,1924.5718,1647.4541,1031.2834,442.63275,121.06417,285.3806,129.02481,146.14452,133.07399,92.50938,107.50509,76.57739
video1,clip_030,0,-427.384,144.53621,24.426006,21.282724,11.876945,14.933021,-7.1503835,-3.5078344,-0.4400408,1.3392094,-0.3079528,-3.2503152,-4.53996,5371.116,2596.7178,1348.1226,888.2415,437.07806,205.07227,364.85068,147.43163,108.29608,137.92865,116.37999,97.43807,81.417465
video1,clip_031,0,-465.37714,105.70729,42.25237,26.734991,10.777442,15.386325,1.3365829,6.224185,1.8214976,2.1394796,2.9298928,2.2185097,-1.3992474,9211.797,2821.7969,773.8009,410.82303,233.46385,140.78197,254.10202,111.44856,108.188736,73.07541,72.83881,87.15129,90.87934
video1,clip_032,1,-449.7917,125.92243,43.076973,23.87232,2.0692108,20.963411,5.1293793,7.4673686,-0.61945254,1.0548787,1.9496299,1.3950899,-1.2858071,12384.888,3598.9402,730.74457,651.00366,445.1597,306.79575,192.47095,114.51469,158.97462,111.29699,73.21395,101.773544,94.55603
video1,clip_033,0,-423.4984,131.11519,34.40393,24.175894,13.196016,17.473995,4.755073,5.1000156,-2.5145104,-1.9564645,1.864974,-0.45311588,-4.680458,8961.867,3384.2207,1144.3153,526.72504,460.85587,277.57492,203.59792,117.25064,141.64967,117.42511,123.372086,110.51956,114.66352
video1,clip_034,0,-426.0966,130.86931,31.755442,23.477617,8.603381,12.6289625,0.00078896247,5.078065,-0.1483708,2.642652,0.9469874,1.3184468,-1.6644057,7141.4126,1831.0426,923.5032,535.9654,217.72713,167.19229,168.55376,130.54817,119.93005,60.468315,69.331985,81.896576,80.905235
video1,clip_035,0,-403.5887,143.68263,35.444824,19.40786,8.460633,18.958519,-2.4518914,2.3374958,-4.3002334,-1.5994179,-0.24135101,0.41490474,-3.286361,6734.8813,1913.4436,1145.3994,688.92584,328.43198,215.97487,156.74438,109.92808,154.89677,116.14703,64.54449,96.48553,89.6433
video1,clip_036,0,-384.2417,147.79616,13.051549,23.433472,15.252568,13.218971,-1.6929116,-0.2876721,-8.329101,-1.0011551,3.901772,0.30857578,-7.0090666,4520.613,2847.1306,871.09515,694.4276,483.4529,227.77527,157.62607,158.16115,250.05643,96.76595,97.28474,109.14795,86.08623
video1,clip_037,0,-391.46033,144.43944,17.471386,24.83692,17.518597,12.788237,-0.2516402,3.0525713,-4.914824,-5.038668,3.0092502,-0.025752341,-6.3158474,4138.4995,2592.2449,610.4001,706.1274,421.5449,216.68546,191.44301,143.26524,189.57239,148.4011,89.29623,92.570145,53.849854
video1,clip_038,0,-405.39987,138.19789,35.844963,21.512278,16.342707,18.15997,-0.63719285,3.468677,-0.043533113,-1.3839214,3.1656651,3.9145885,0.8812146,5599.824,1722.6953,739.5053,439.70505,338.6448,251.80188,222.2143,99.14975,167.74474,109.22534,68.98937,102.982635,115.64582
video1,clip_039,0,-400.1561,180.18109,26.309723,22.694729,16.581417,17.69341,-1.4267999,5.238704,-3.36238,-0.73392045,1.7042942,-1.0898321,-4.271746,6968.0674,2898.0872,1357.829,1119.8378,563.47345,434.9636,252.11406,206.2146,148.46721,138.91762,95.074905,113.54856,133.91861
video1,clip_040,0,-366.07043,158.96849,19.622622,30.915846,13.361251,20.428717,-8.840349,3.124679,-1.980957,0.13787399,1.2802004,-2.8149931,-4.1100326,5481.0386,3314.6917,1142.661,909.8401,791.57025,374.78833,292.7786,218.72931,174.51479,132.63264,103.961105,125.108696,97.42528
video1,clip_041,1,-379.8579,172.91893,11.497732,28.677666,21.102531,13.03305,-3.6047475,2.4180589,-5.217547,-2.6918128,6.10301,0.12642941,-2.747711,6371.795,2006.4701,842.1666,560.7148,340.64102,193.22995,206.2309,122.80461,197.09254,122.5252,104.192726,120.28085,100.04879
video1,clip_042,0,-380.33557,152.07098,14.376635,22.820637,11.049085,13.417371,-4.089258,0.76236427,-2.1212869,-3.8789322,2.9766939,-0.44762728,-4.757049,6789.916,3003.9514,972.4391,820.07446,545.5237,290.38242,266.4823,146.45558,122.65539,158.39732,96.80371,107.85226,104.5636
video1,clip_043,0,-421.01855,148.37512,37.391743,28.470402,13.442237,9.683464,3.277378,2.4359555,-0.6110444,-0.034923054,0.86716324,2.6455982,-0.781501,7494.175,2137.3806,965.51385,373.1498,210.33458,132.99516,90.199455,94.7668,117.4322,109.27938,67.434906,71.98709,62.507336
video1,clip_044,0,-460.52606,150.45967,59.08712,32.759712,17.29186,10.389371,4.636802,4.1392555,2.403965,2.0297558,3.321564,2.5115218,-1.2021991,4296.027,1424.412,774.11273,436.35403,101.09399,92.8167,66.673164,62.991726,71.10317,79.819786,59.67385,83.10862,74.7498
video1,clip_045,0,-427.53644,145.30495,23.038933,22.539791,13.156438,8.527952,-1.3820071,5.999222,1.55607,1.042925,1.0462323,-0.91826874,-2.5936353,8517.177,2283.7417,1637.6389,833.7911,326.91324,146.27841,147.60098,94.513084,81.08334,147.29298,81.69333,92.00146,73.57872
video1,clip_046,0,-380.41083,157.57953,3.2687933,16.602608,13.339364,13.993976,-10.457117,0.92410743,-8.594326,-5.141783,2.2434196,-5.1246204,-6.8616147,5248.927,2175.4717,735.94476,770.53516,601.0319,298.19006,276.03928,134.1736,131.91945,117.40241,127.631714,105.8446,113.7571
video1,clip_047,0,-422.82675,127.775764,11.680551,23.338823,3.0038633,12.675396,1.4346521,9.546212,-3.9000294,0.269747,-1.3738232,0.17057376,-0.9845604,8087.0054,1911.2529,391.30237,525.5988,374.7388,155.64734,168.17926,182.0063,204.5591,92.6929,71.45237,55.52637,74.78655
video1,clip_048,0,-464.64508,133.44054,16.223822,15.236377,6.2983265,13.026298,1.6856929,8.829111,-0.8114088,2.2659903,1.7976925,2.4643111,0.35353518,7656.749,1319.8749,564.56793,216.81723,221.67624,111.51339,106.94602,66.2052,127.928734,54.394787,57.104275,43.86063,42.2361
video1,clip_049,0,-369.48813,143.57521,9.231014,16.625835,9.341839,20.769125,0.31495064,4.7302737,-5.372571,-9.470227,-5.1796513,-2.3712723,-3.6454592,4405.6016,1664.0764,596.8992,548.9204,365.53976,265.78076,183.9325,195.86847,146.14713,184.35622,106.253586,93.65545,103.16885
video1,clip_050,1,-420.62115,121.56287,4.295661,16.886936,9.589549,16.881495,1.8555819,3.8592696,-1.8524181,0.7173709,-0.6265092,1.649161,0.28543076,8171.4927,2184.7097,770.30817,542.426,378.45798,151.0566,144.86424,144.29716,139.73026,96.24623,86.33872,45.94618,77.32356
video1,clip_051,0,-382.80063,136.8662,10.97223,14.475737,1.794617,9.578202,-1.7519912,7.622455,-2.5429916,-1.4651588,-1.1099457,-1.3420509,-2.6336079,10428.853,1787.0886,860.09564,450.58276,431.47266,223.69785,230.98502,136.5893,162.42207,110.21445,90.217186,100.7396,109.85491
video1,clip_052,1,-318.99612,153.3844,3.962391,22.921478,6.505631,12.6280155,3.6591492,6.2539845,-6.310727,-5.6569214,2.0227358,1.8925318,-4.871024,4759.3403,1776.9597,532.0293,722.882,392.36667,154.48933,144.87927,133.13873,135.27556,97.79889,94.293526,111.95516,83.88437
video1,clip_053,0,-354.51407,167.21164,6.7855086,26.298075,6.327749,13.8454895,2.4401567,5.0363297,-4.8439355,-0.15956128,3.1314497,4.429861,-1.3612354,4806.476,1416.2385,429.8372,546.3791,323.0273,165.41309,197.47763,138.738,130.68245,92.95346,70.46558,75.653,70.88359
video1,clip_054,1,-333.54456,156.19232,4.4887576,24.199099,3.362549,17.274477,0.052306935,7.9388046,-4.8796186,0.1642321,0.65520406,1.5052817,-2.9905877,4001.5815,1793.6044,489.81516,495.65414,421.52463,264.73193,222.12238,132.41026,190.1799,123.212265,80.70987,92.50539,83.2735
video1,clip_055,1,-325.03516,162.93187,-2.2541726,27.739916,9.904683,19.034681,-1.7702531,3.5716944,-6.0831485,-3.4682164,3.4130118,1.7333573,-6.606698,4514.161,1713.0327,484.06097,547.8586,361.4903,192.75592,193.19894,135.32443,165.64752,96.61984,100.938774,91.888725,99.40911
video1,clip_056,0,-337.00885,160.42316,6.01557,18.909073,6.5850406,12.653773,-0.7084547,0.49618885,-4.606222,-1.8556081,1.1655418,0.7616048,-2.7365866,5722.936,1412.3146,671.137,556.20013,414.8939,194.85765,192.77509,164.3632,127.94416,96.75964,76.5089,91.851906,103.54399
video1,clip_057,0,-413.95123,134.15964,30.41433,19.929056,9.388143,20.755898,-0.34244514,7.0639405,-4.568476,-1.1356672,2.3412457,0.55699617,-2.5383627,12125.71,2556.3025,666.0233,466.51294,327.85165,233.03639,224.19432,139.40854,224.83478,125.708855,97.271545,85.100914,84.97515
video1,clip_058,0,-334.6119,165.78336,-0.039762743,16.276161,13.729817,15.841478,-5.4987674,-1.5027152,-10.335492,-3.8559055,0.33375803,-5.4759746,-9.094112,5303.2954,2377.057,907.2844,1048.2184,602.9707,431.92084,359.9464,250.88641,205.05125,165.58783,184.16722,128.35664,101.69538
video1,clip_059,0,-351.5359,153.42032,4.108191,21.421099,7.7256813,14.067035,-1.2771441,5.5380006,-6.332901,-2.624395,0.12571973,-1.8001392,-6.80297,8078.9697,3369.752,1170.9126,1162.2831,644.61884,461.604,292.36008,250.25517,234.03671,191.68266,130.74605,115.91755,105.25124
video1,clip_060,1,-411.9319,118.28007,2.3489537,22.499819,9.010397,9.871707,-1.125982,4.145326,-2.358775,0.062166814,3.20273,2.9309783,-1.2371562,8106.0483,1546.5249,769.85706,495.57083,312.20364,182.30455,227.86603,142.38145,182.58435,112.71771,75.062515,61.598766,77.63871
video1,clip_061,1,-359.85693,126.17521,2.824781,14.453963,3.9920375,8.781389,-12.201621,-0.6711253,-4.0598397,-2.0308871,-2.0202591,-0.122152776,-1.577108,7000.953,2350.9275,958.04614,1039.8882,454.86887,321.773,394.03568,266.7284,211.0834,135.33266,133.52527,133.91699,116.70199
video1,clip_062,1,-370.66153,110.4059,-3.3176358,31.766146,1.6673312,15.943705,-7.1400228,3.9563735,-12.570011,-1.5311507,-0.6941309,0.06604655,-6.3986406,8752.577,3723.208,1157.9945,991.7612,492.84375,407.47964,310.63315,207.16103,232.0776,243.559,108.90325,123.40113,143.74657
video1,clip_063,1,-375.35553,113.708534,-4.034411,8.393901,-2.9402816,7.826667,-8.441781,9.975562,-7.040496,-2.9568956,3.5748591,1.1818779,-5.2228312,11093.314,1927.3315,1375.3986,941.9411,403.16592,424.08844,473.40652,250.701,131.95544,181.44914,152.54349,82.82942,100.21866
video1,clip_064,1,-329.15945,120.35787,-21.193237,21.039705,-8.9176,8.544532,-10.071402,5.579325,-11.577156,-2.3260725,-1.450286,-4.3378615,-7.883675,3992.734,2262.7686,882.6249,1006.4189,459.81683,340.07013,280.8472,254.90038,211.95856,148.70557,190.8446,126.51344,85.04209
video1,clip_065,1,-364.40646,111.26631,-1.9814851,29.168158,5.180404,16.804174,-8.772997,3.5879183,-9.89156,-5.7402973,0.7601347,-3.3442423,-10.981881,10091.354,2081.1628,976.7588,802.44305,636.57324,324.3273,458.43335,274.04843,200.5609,199.62012,125.91317,128.18341,168.65845
video1,clip_066,1,-583.98145,120.10471,17.920969,24.900238,14.870771,15.607566,4.725349,8.718502,5.0037217,6.3825665,2.7008746,3.904079,1.0226719,12370.126,1029.73,1110.0497,375.5328,240.13063,59.85975,104.37985,70.68591,69.393654,33.934124,44.52507,51.678604,41.9107
video1,clip_067,1,-255.3563,127.92062,-46.812996,21.414759,-19.328476,12.196019,-4.0564857,6.779811,-6.8030615,3.564843,-0.9096624,2.3092964,-5.58781,6645.0493,749.4334,556.0374,202.77968,280.22913,171.28706,175.84415,92.816734,105.43096,65.29177,64.196846,53.53582,74.06587
video1,clip_068,1,-240.32968,146.76738,-25.034155,21.912357,-8.358714,15.081954,2.0587373,8.643766,-2.390095,5.1204767,1.7553977,2.9054031,-3.3920915,4856.715,620.41437,558.3667,250.9314,284.3367,102.8396,149.10329,75.553665,91.02114,51.496574,76.88159,39.4841,52.35509
video1,clip_069,0,-263.32846,133.71872,-26.569859,31.104364,-10.799321,20.056005,-4.79267,5.998612,-6.6581187,0.8911091,-2.118479,1.9530553,-4.239392,5459.694,1602.4554,563.7332,403.97244,388.84778,121.91489,159.99841,152.71541,89.675476,129.96536,56.782795,78.118835,49.888092
video1,clip_070,0,-248.9319,110.22848,-48.991844,33.430332,-28.044851,18.596228,-10.019027,7.379771,-7.709541,0.7176275,-2.1273637,2.2504268,-4.4333363,4523.584,834.95905,428.33792,318.58606,248.52396,107.99034,126.91488,106.34085,114.62867,74.83928,90.11534,55.51169,52.073963
video1,clip_071,0,-374.49466,104.91293,3.766072,21.73799,-2.9392836,13.892411,-7.3588834,1.5389225,-8.237386,-4.890237,-1.869755,-0.3148897,-6.1396785,12320.61,2719.6003,692.51697,696.3239,459.09238,293.8244,258.4255,123.91091,241.83151,269.53406,95.251564,76.404144,129.69737
video1,clip_072,1,-391.27982,106.6178,15.968411,18.32256,10.780055,18.897148,-10.868701,-3.018788,-7.164552,-2.0883431,-5.15177,1.4351869,-6.0537415,13839.341,2618.8452,796.296,800.248,413.29828,218.34172,381.95282,102.09401,159.07153,119.74685,175.4417,100.03735,103.46228
video1,clip_073,0,-435.3636,119.712395,8.80535,13.570188,5.1253867,11.183991,-4.8863826,-0.94843996,-1.1508021,-0.47025666,0.41346824,0.4788765,-1.9418584,11249.296,1790.001,1101.7052,356.48227,286.35873,222.83632,238.85829,121.38123,83.65982,86.11226,61.211025,64.50051,54.68391
video1,clip_074,0,-435.10706,118.66737,13.549147,23.584143,9.60441,13.208622,-2.7244394,1.2072849,1.0215456,2.3504229,0.069072776,0.8017691,-2.6390524,11868.465,2401.9739,971.78906,515.52795,281.3236,264.0503,183.15834,114.348755,125.180664,73.45956,79.68942,68.39389,82.65403
video1,clip_075,0,-459.9079,123.82344,26.793753,29.644333,15.209525,14.695073,-9.148018,-4.392332,1.8349054,2.365135,-3.7081656,-3.971082,-3.4988787,10613.183,2390.3315,1037.0925,776.1125,295.14453,128.77295,334.6368,111.41477,67.95064,109.50443,81.638756,64.065895,35.544155
video1,clip_076,0,-369.0836,123.00553,18.518002,38.275314,12.903207,20.31118,-12.075976,-1.8976684,1.7665578,-0.017731331,-3.6231415,-2.9027014,-4.6019926,10784.679,3278.336,762.8056,806.93304,490.6009,158.52382,376.02853,158.54778,146.7889,211.76567,134.36853,104.653145,83.71899
video1,clip_077,0,-407.18353,144.0894,36.391483,24.662594,12.909589,17.321468,-2.1279862,4.6758823,2.0646935,1.4827108,-1.7146689,-3.3994431,-5.838243,11665.953,2626.3672,1082.9257,587.908,288.82068,133.5847,279.12225,87.79771,113.64554,97.11528,76.72121,45.84035,64.11438
video1,clip_078,0,-246.84052,132.28969,-7.107856,35.660385,-12.180099,23.94042,-1.3875573,13.09523,-5.245439,5.367531,-0.70440674,6.1688485,0.43933612,10591.946,1116.4476,946.07416,414.3031,289.6264,188.6378,155.85616,82.54805,102.99648,145.7149,96.22384,76.76736,60.936058
video1,clip_079,0,-235.98845,134.33487,-7.877146,38.565674,-13.007195,23.454739,-0.1293875,12.038801,-7.0311456,6.1373386,-2.2047865,5.711727,1.1302564,8458.54,798.1466,789.7948,447.94125,269.97638,155.24142,143.924,96.924835,112.24378,117.118935,96.327255,58.58468,55.558834
video1,clip_080,0,-291.97064,93.122345,0.81928277,65.57349,-16.101128,32.143368,15.798647,4.503364,-0.2513124,20.874949,-2.4065945,7.171546,5.7525945,11480.295,2002.8805,736.7292,485.74063,271.52045,175.10991,342.74994,79.77262,120.79104,116.777214,75.99703,54.161007,80.8724
video1,clip_081,0,-480.35065,72.549324,-2.1935823,37.16658,-12.71846,23.010393,21.035032,3.72794,2.3350592,21.753471,2.567332,6.508268,8.5336275,23249.0,2453.6128,339.4329,2225.6401,172.36682,466.24603,271.1006,53.748154,67.93403,200.85379,73.593315,46.83884,56.563797
video3,clip_001,0,-439.634,57.211704,12.227371,22.262407,3.8038352,12.9925375,3.89222,0.057804007,0.06707008,0.4652374,0.0718247,4.2439523,0.94185007,10621.268,695.9815,497.74866,120.39119,294.02698,117.55603,154.7787,92.97947,68.73786,53.91315,58.61405,45.677593,61.828968
video3,clip_002,0,-443.50635,93.86118,-8.300761,43.061348,-10.295591,20.217295,-0.3220938,1.3853867,-1.5117791,-0.14649044,-2.0253384,2.8864896,-0.9582347,11233.582,249.18423,202.3282,65.818436,321.6597,174.13237,130.45177,57.27585,135.7574,50.659424,96.60488,39.662685,58.63356
video3,clip_003,0,-395.54648,91.87282,-7.396047,23.189741,-1.3244944,10.015887,-1.4945711,1.5655123,-1.358764,-2.060905,-4.955057,3.3380625,-1.381863,17209.006,1603.2921,1551.8069,239.68257,419.06042,201.86761,203.05153,160.51497,109.92943,88.689384,95.22157,73.78657,69.194145
video3,clip_004,0,-432.64148,87.83562,-1.7494265,18.435495,-2.1002245,6.831582,-1.015863,3.2545946,2.4896872,0.15589222,-1.197174,0.013954904,0.761211,11625.285,1025.3813,998.1098,382.3578,438.4497,192.98366,134.93091,112.44559,87.68552,99.292404,70.6266,68.00321,51.67449
video3,clip_005,1,-472.5267,108.8736,1.6163901,20.619122,5.238325,-3.477677,-3.1242695,-1.6558299,-0.3249664,-2.5322871,-0.9423917,-3.7270699,-5.5888553,5687.829,2214.406,1150.5092,945.92267,502.0635,265.83432,229.69867,165.37085,154.48875,109.140205,93.19827,122.65393,86.130455
video3,clip_006,1,-436.84402,117.69155,-9.7867365,7.59555,-0.3688166,-2.3872721,-7.909162,-4.2818127,-4.744714,-7.268486,-5.810777,-7.32149,-6.356116,5887.904,2609.4792,978.63464,1393.6045,535.776,370.9271,277.39862,192.01256,164.83975,173.31429,88.300644,142.45076,75.51853
video3,clip_007,0,-421.5843,118.505066,-18.577412,24.414646,0.29276994,1.4862357,-8.880361,-3.8288665,-6.8177905,-3.4523299,-1.791988,-0.3956644,-5.7492046,5628.4077,2499.7134,982.4441,757.22107,571.3823,423.6658,256.3447,151.81874,170.49544,201.61758,137.31631,176.97931,97.259285
video3,clip_008,0,-453.33224,119.387115,-20.359371,8.678942,7.048989,-2.9074538,-6.639544,-0.34576252,-6.051005,-4.344949,-1.8066415,-5.7406225,-5.0522566,8112.3833,2798.6428,1743.6398,1215.6205,463.37354,541.3344,322.51648,186.81737,129.77083,148.57074,115.278465,100.236946,82.039955
video3,clip_009,0,-458.2552,120.83678,-10.374739,5.2958097,11.714127,-3.9786906,-8.606109,-2.3278325,-4.107883,-4.871834,-3.8362622,-7.217839,-6.4548573,5240.268,2331.8916,1616.5795,1132.334,455.49432,356.89548,349.88394,160.53645,156.51758,120.18827,112.18499,131.11061,82.43498
video3,clip_010,0,-515.8049,136.82736,-23.156902,31.014538,-2.9378777,-3.6695213,-2.2163064,-2.4309723,0.88897896,-4.068614,-1.4067116,-8.680192,-6.4132934,3991.056,1947.8145,1085.4371,633.89594,361.41943,313.06924,203.9292,74.62628,76.19874,79.548096,85.53814,77.483665,61.965374
video3,clip_011,0,-492.03003,136.61226,-16.940193,15.300216,4.18928,-10.974212,-4.274124,-4.7420573,-3.3113852,-5.6408587,-5.121897,-6.6125283,-6.4476514,5275.1226,2446.3457,1289.71,1132.2788,450.50287,230.52031,296.79898,137.99606,118.205345,95.5336,85.43388,97.326294,56.37192
video3,clip_012,0,-505.89,110.271484,-5.159621,27.151854,15.122277,-2.005206,-4.058501,-4.4629893,-1.3544313,-3.703998,-3.9950507,-6.048752,-5.9998875,5407.349,2001.704,986.1401,657.4612,346.5044,213.35081,271.09793,156.32892,87.62028,63.03783,105.03925,108.736694,47.175125
video3,clip_013,0,-493.59283,101.76858,-0.48085386,33.777206,6.4718175,3.7305257,0.3460288,2.5065165,2.453258,-2.01525,-0.8748997,-1.5526401,-1.1523027,8709.516,1596.4048,733.9552,433.63593,317.96945,109.18128,306.58902,144.98605,53.852764,43.828514,56.872974,62.149574,35.432568
video3,clip_014,0,-499.15347,152.876,-35.149593,42.316135,-6.6215596,12.226148,-1.3378164,2.5975354,4.6663613,-6.6885567,-1.7630349,-6.403896,-4.9006042,19713.562,3509.1692,652.4563,293.0208,261.73645,90.12008,102.398865,65.59371,57.78897,34.444675,29.153788,69.40913,24.956476
video3,clip_015,0,-300.29208,153.83438,-10.362024,15.657864,3.8799624,4.913604,-10.488659,-9.237207,-4.3070126,-11.3707485,-9.351474,-2.7635958,-6.6396985,4651.7275,1444.5947,750.4909,671.8579,374.44318,214.67336,168.99103,139.56781,90.76564,100.436165,65.14181,67.64922,52.66554
video3,clip_016,0,-338.63132,148.09068,2.3765516,18.307234,4.99065,1.9529494,-7.1019597,-10.226738,-7.584597,-12.752538,-6.5399837,-1.2057761,-6.7729306,5476.965,2188.4495,915.35034,759.39343,451.70477,304.30704,182.90219,158.79222,74.03907,120.4804,102.36341,59.977085,90.754105
video3,clip_017,0,-321.5189,145.85847,-0.76098084,13.594717,1.141019,1.5950221,-8.411585,-8.893608,-5.560967,-13.620988,-7.795951,1.7366351,-3.2624848,6507.6816,1609.4392,885.07336,704.6393,562.93976,239.10716,200.4242,120.01945,105.55156,146.87483,97.41338,78.73795,76.90885
video3,clip_018,0,-346.7151,132.62296,9.079699,6.6735907,3.6099591,3.0859244,-5.022876,-5.9361367,-6.004477,-6.1838856,-4.918217,-3.3547695,-4.127622,3590.2937,789.98926,744.4672,256.51755,241.54759,165.78995,99.027405,72.320274,68.21591,74.18841,64.31917,68.18525,57.03231
video3,clip_019,0,-396.7654,166.60886,-12.723421,25.457697,-9.040225,12.554057,-9.492554,-0.088783026,-6.361078,-9.489377,-5.9337573,-4.2188263,-3.3303552,1581.3483,1197.9382,222.38628,267.906,317.2928,165.00687,67.72997,58.653004,70.99955,73.07956,70.48111,64.306946,44.371197
video3,clip_020,0,-427.68472,155.8113,2.284832,23.978,6.3358116,10.178113,-3.6824763,-5.0316563,-5.631496,-9.033735,-6.2668304,-8.202437,-7.2255077,3504.1956,1457.4344,614.4487,604.5711,368.3571,145.91261,90.56839,71.12713,76.64478,83.41051,70.94923,76.87458,42.952633
video3,clip_021,0,-431.72592,168.1847,15.003996,13.757692,0.06219124,6.5610776,-3.31076,-5.820958,-7.954209,-8.9371605,-4.836724,-7.0303235,-6.6383567,3442.9937,658.402,452.20776,317.03983,235.70367,106.68498,72.446724,82.86089,54.34566,68.89508,74.752846,66.202934,50.90765
video3,clip_022,0,-414.3691,167.87035,-10.646001,20.978071,-1.703428,7.7307377,-6.1395063,-3.2719793,-7.4703383,-9.350119,-5.6407194,-4.532368,-7.0673695,4413.0327,1032.2101,467.07123,497.16312,196.98999,137.85986,81.914345,95.774796,63.238388,70.94253,66.687805,46.955994,47.99342
video3,clip_023,0,-404.8447,166.04309,-9.854964,21.957159,-4.026027,5.45357,-5.7288074,-1.4909137,-5.3293867,-6.132283,-7.66931,-9.505196,-6.1169686,2372.163,1271.0569,313.699,314.3445,313.5855,168.34956,66.04814,75.10049,59.779007,91.21231,76.51406,63.914005,50.078735
video3,clip_024,1,-468.9437,130.30786,5.0033393,21.024038,4.801044,7.650419,-4.052672,-1.1790432,-4.4329066,-6.6252875,-9.660062,-8.225341,-8.271125,7823.7607,1197.5146,520.8066,537.5485,290.36035,129.92688,101.234245,65.70111,61.492138,78.89609,66.87027,64.36055,66.67276
video3,clip_025,1,-623.77844,127.97083,6.776666,27.715666,-0.6810518,14.96163,0.026721282,3.5689461,1.9487922,3.1894143,6.3068895,-1.4079142,-0.36345074,7272.731,724.9071,344.44916,93.31679,122.44079,144.71779,79.77463,48.294464,60.049183,69.7104,64.266785,40.877052,45.74489
video3,clip_026,0,-468.82697,133.28764,4.7288146,17.50255,-4.077236,10.950034,2.4862378,7.9657793,3.6027124,3.5145507,2.4479039,-0.093398936,1.5624337,6064.8325,1306.4415,327.4568,202.3113,190.6889,95.554535,145.2517,75.50841,51.735977,50.831333,60.335083,48.953808,33.258514
video3,clip_027,0,-360.201,130.26036,9.047451,-0.66854185,7.960954,4.399648,-11.883017,-5.372728,-5.474729,-11.01396,-2.4593732,3.8252583,2.0727222,3831.0374,1659.4744,544.34125,472.24628,356.7938,206.00415,218.71178,137.38559,71.90368,93.19747,130.82646,81.25574,98.50593
video3,clip_028,0,-366.09485,145.30713,-2.166134,-0.9790263,3.6335027,4.810655,-12.075235,-0.26509842,-11.182132,-11.248549,-5.474053,-0.22237198,-1.5022535,4396.9995,1605.8032,557.3633,602.14264,418.2995,321.03995,192.80673,126.21223,150.96455,161.80637,134.48724,69.289406,110.22744
video3,clip_029,0,-313.08655,141.80223,-4.856891,-1.6858742,8.768657,7.897035,-12.4538145,-1.2086323,-5.080997,-8.585406,-4.4683065,2.123199,-1.2580653,3399.9055,2014.1532,591.39233,664.18195,441.78815,267.08466,226.96008,145.51707,122.9892,140.19347,86.98422,97.435356,54.654358
video3,clip_030,0,-307.79572,141.40172,3.5576572,-4.8277903,8.706472,3.7098885,-8.777297,-2.6033516,-2.155321,-9.150553,-10.203763,-1.4447719,0.4739688,3220.0884,1436.4379,631.95636,302.14694,379.8079,201.62753,183.79865,100.80838,94.5352,75.24201,103.04376,44.58395,68.91524
video3,clip_031,1,-329.40897,157.499,-4.966563,-3.865801,8.977071,4.2870364,-8.563253,-2.3241425,-4.421166,-9.10938,-3.3158472,5.1753597,3.278506,3827.319,1355.2717,565.36914,488.87137,321.45764,176.90317,133.9535,144.73721,119.704124,110.00479,81.857216,58.46859,79.12905
video3,clip_032,0,-337.9776,117.43834,18.978712,0.75666565,9.120271,8.06332,1.2596345,3.821202,0.90425044,-2.991872,0.54811037,4.270653,2.5384967,2105.4421,568.22186,346.8563,229.44014,133.26779,109.8319,80.14089,74.38015,54.777924,66.408264,47.432114,39.815056,40.820038
video3,clip_033,0,-425.5819,171.85846,-12.16583,32.690834,-9.653155,22.237595,-1.7965485,15.296446,0.602691,7.2915816,4.022924,3.2751162,0.005288367,1015.5222,433.49167,225.78851,95.24574,97.24163,58.472153,70.1047,47.92958,49.928112,55.95,58.549118,54.889896,59.975002
video3,clip_034,0,-428.65668,177.21422,-7.3932214,27.088663,-2.4211278,11.009338,6.4510164,6.0259705,4.3195286,4.7639227,6.2642307,-1.3719877,1.2032162,1336.7108,462.35504,291.00552,157.18933,238.14888,136.79178,86.11596,49.31454,32.644173,35.521423,50.45018,37.458115,34.630493
video3,clip_035,0,-372.14487,144.61012,14.209948,11.580343,1.4844027,2.726845,7.2112865,5.5800004,2.1496856,3.1671314,5.001645,0.4260544,-0.87610954,2857.6484,405.5469,411.9219,324.7516,205.24403,107.93155,101.454895,56.930107,115.9756,59.705723,63.2461,41.393204,48.0095
video3,clip_036,1,-348.27875,142.86026,20.66058,9.042798,-0.21804753,4.791297,7.210729,4.2902603,-0.20754832,1.1651378,0.68654865,-3.747638,-3.8135343,3275.4265,1216.4227,506.60312,347.68155,239.78308,247.35059,108.05223,74.42971,91.6455,72.25914,58.597645,68.82539,47.05184
video3,clip_037,1,-363.1741,154.85756,1.3155107,18.18577,-0.21620001,3.9657483,0.21420194,6.2582903,-0.7488645,1.0585515,2.851945,0.022453772,-0.7829864,4689.0073,1585.1172,725.98413,415.613,408.07205,366.3399,248.28297,158.09727,103.84205,94.63072,99.532005,66.08282,57.28397
video3,clip_038,1,-408.8095,163.47449,6.9763546,9.827162,6.6793675,9.372548,8.235522,5.3412714,2.0863132,5.2076993,2.1517777,0.73291916,0.5599751,1724.6393,522.03125,240.01746,213.014,193.92189,123.65625,54.998924,94.57499,56.685585,49.739544,45.920216,38.365868,38.041935
video3,clip_039,0,-481.0157,157.6221,-7.7718525,31.125462,-16.27718,23.12791,-10.1349125,16.396597,-5.324364,10.530903,-2.4498396,5.417374,-2.9355145,1873.7142,971.54333,291.23645,194.70615,103.361115,65.63496,61.002914,48.55508,43.519585,59.9688,45.373367,57.470516,61.14501
video3,clip_040,0,-460.20966,124.65427,16.890549,-0.7756673,-2.9360244,7.0888276,3.4431233,7.045785,1.6533344,-1.6511481,-0.022076195,0.73740906,-1.4195867,1977.9124,597.77905,391.3944,310.9358,114.928894,95.60694,70.28062,79.318535,50.96348,67.23525,42.639763,35.680805,31.634531
video3,clip_041,1,-465.38193,125.31337,3.9558806,14.07123,-6.277014,11.522923,-0.8025342,7.392556,-0.8166962,2.4367871,-0.37506813,6.259349,-1.2218118,5299.2124,417.10583,673.00165,194.8827,216.64758,86.221146,77.472755,68.576515,57.3551,65.27659,66.943634,64.58583,52.291035
video3,clip_042,0,-408.9437,105.55056,18.561089,8.973586,2.9897003,12.821402,0.70519656,5.633686,3.9256883,2.88143,2.6240802,4.1884294,0.18210995,6599.1836,711.8754,788.3444,274.36493,303.6171,138.72066,179.14052,78.28036,81.1364,76.36893,57.63732,44.519924,83.79151
video3,clip_043,0,-300.6224,192.6905,-51.00704,15.261577,-11.806219,6.0305743,-7.3143344,-4.6623054,2.0039108,-6.969912,-6.4645514,-3.2937431,-9.001686,11478.792,1728.8177,1853.158,217.5106,148.1041,102.89528,75.03925,94.310265,90.87108,72.73045,38.707867,31.41983,48.60861
video3,clip_044,1,-341.6476,187.40897,-13.850425,40.535416,-23.862309,5.8679013,-23.41821,-1.9551951,-15.507911,2.694326,-10.1211605,4.0435157,-8.308284,290.64413,294.8658,113.06023,47.315067,29.00415,27.346292,27.339321,28.043562,26.877577,34.45187,28.140705,31.978264,30.155283
video3,clip_045,1,-356.07498,150.53395,-7.1146965,22.167118,-9.115924,3.2356296,-8.849529,-0.5271981,-6.8587537,-1.3193351,-4.523894,0.99515647,-4.70536,5340.6855,1003.5161,750.86804,299.0454,149.23712,120.199554,104.9495,155.92723,51.747025,71.942116,43.63519,54.26501,39.15006
video3,clip_046,0,-470.4461,136.08926,1.3841466,20.99265,-3.5088093,10.428995,8.421762,5.9688606,-2.1261823,-2.538952,-2.9118536,-0.37842143,-4.6594768,5842.3115,1978.3167,488.71573,193.52126,220.03113,92.14029,100.9765,54.62855,60.282383,65.94578,38.90384,59.554203,71.61397
video3,clip_047,0,-404.18182,182.37949,24.266418,18.281046,3.0665288,16.985563,12.933082,4.684207,1.2129433,-2.6600542,-4.15942,-5.5923376,-9.747956,2168.9202,403.93488,334.79965,134.59673,90.12937,62.179184,79.16703,48.082184,48.527313,37.880604,38.08086,33.89354,38.045868
video3,clip_048,1,-364.75607,181.09026,12.356764,36.50562,7.8829284,24.432602,5.122111,6.5691104,1.8842479,-4.512233,-5.0092444,3.3471794,-6.753755,4010.7156,1038.992,337.85345,183.55663,253.96928,198.63527,105.72554,115.26225,50.982956,70.15376,53.90133,57.04303,33.903095
video3,clip_049,1,-289.88892,146.59622,6.90293,34.401447,1.4684937,19.947426,6.2654886,1.5117733,-2.385939,-2.0157812,-4.157655,2.7596765,-1.5776881,5645.7417,593.39154,871.6916,365.411,303.5661,171.95404,129.63806,126.87964,52.699852,101.661606,66.66847,57.756783,68.05225
video3,clip_050,0,-277.1393,153.7362,-16.99725,51.23119,-7.0442867,31.975494,-8.710349,4.6826878,-3.7071314,1.609714,-8.629398,0.51637775,-6.3746643,4179.3335,1067.8285,446.8841,186.83664,321.10367,96.39186,189.59236,101.55215,95.08909,96.13592,92.87887,92.60777,61.422333
video3,clip_051,0,-298.286,168.45279,-10.07424,48.692577,-1.7792369,29.105812,-11.150344,6.405509,-1.8058488,0.33119956,-11.170757,2.6539087,-7.1559057,5646.585,1454.2689,588.8451,268.04065,240.44878,101.84243,253.68158,154.98224,131.59398,99.2255,100.94645,55.7307,46.68359
video3,clip_052,0,-347.906,187.7292,-6.0761023,39.642376,2.9098794,23.28872,-4.8918123,6.431914,2.628482,-5.96796,-6.1648707,5.0804386,-4.886523,3794.1614,1019.6824,363.45844,373.1993,253.04106,163.8421,141.02861,116.260704,102.41694,81.293526,63.771378,75.430214,49.354206
video3,clip_053,0,-353.31366,192.0946,-6.5948906,33.740906,9.72566,22.519653,-0.0039766002,11.786841,3.0828526,-4.881443,-2.031978,4.873038,-4.2093,3533.0017,944.62915,314.60684,320.62286,249.46819,184.6872,131.00159,100.03405,79.64987,69.075806,58.96535,54.745663,43.6894
video3,clip_054,0,-293.4257,182.14227,-26.89276,36.239014,0.9970376,29.607315,-8.108862,6.9396477,3.1103995,-2.4658482,-3.5368521,5.0282993,-4.3710074,3401.3132,1063.5118,158.38666,180.35844,162.35565,98.42982,130.37827,71.87863,93.8421,59.265915,60.571247,41.72254,28.191961
video3,clip_055,0,-265.9319,140.678,-32.792202,36.672626,-7.603461,24.089115,-16.599852,4.4529037,-0.59745795,-1.5111575,-2.7929811,0.4290572,-6.7170887,3216.3474,482.95056,204.3228,193.22115,168.07417,213.3861,98.55234,72.98228,78.34393,84.510376,65.67573,53.987625,61.377865
video3,clip_056,0,-301.00708,156.88162,-32.12746,14.866449,-11.674185,7.975592,-8.611959,-2.4140463,-4.94026,-3.7645047,0.5233074,-4.667643,-2.0864384,2368.903,1246.3075,500.75314,458.36658,293.25046,232.07924,163.10033,111.04901,128.83318,108.31018,74.1098,73.47271,50.762035
video3,clip_057,0,-291.84467,157.24065,-23.659733,5.5379553,-1.8920702,1.3413607,-5.488424,-4.304366,-2.416877,-5.7793636,-1.3888137,-4.127779,-3.1616936,2144.39,646.6329,444.32803,406.2292,231.8862,178.09705,153.61807,77.14536,82.947205,79.444016,62.87481,72.38359,72.92446
video3,clip_058,0,-323.90262,163.73341,-24.823051,30.714876,-17.365965,13.679757,-11.295462,2.3262253,-5.0486593,-5.6466303,-0.7558062,-2.1006825,-0.18365937,1620.1713,1370.2604,251.05766,280.0317,298.58554,184.69408,89.21745,67.348854,67.37033,97.33438,63.626842,55.471874,44.83536
video3,clip_059,0,-294.29095,170.62393,-35.906307,8.368476,-6.886916,2.9706998,-11.0583515,-1.6053934,-2.8068578,-4.381047,2.7645063,-2.521558,-3.1576622,2112.6775,804.1293,595.8812,376.03943,189.00551,192.10107,128.13652,98.49812,89.45606,66.16727,51.990627,52.44101,53.9897
video3,clip_060,0,-284.9505,148.83138,-17.5676,16.700178,-13.33352,11.702158,-10.8090105,-1.5982102,-5.7276745,-5.13937,1.9391869,-0.68431354,0.26495212,2141.995,1149.6354,390.18802,368.71866,330.48132,203.62384,140.08286,106.868744,107.121025,83.9048,84.984695,66.81406,58.360146
video3,clip_061,0,-302.8894,151.87564,-24.914621,22.741812,-12.330841,11.428111,-10.434834,-0.27974287,-5.455232,-2.990346,1.5810589,1.0442654,0.20943832,2304.5203,783.63873,305.10815,232.96791,231.44852,123.394775,104.492485,84.693344,60.701656,60.46203,52.639977,50.495537,46.131012
video3,clip_062,1,-286.9019,123.81363,-34.24312,35.64717,-24.376013,23.10004,-14.991685,12.436264,-11.067267,11.193222,-5.5992036,8.607496,-4.710945,1829.4285,445.00464,283.63904,118.69612,86.58978,56.00256,36.762226,48.327393,45.6479,45.988594,38.439835,30.028595,26.270557
video3,clip_063,0,-298.14334,136.14822,-21.198412,23.005642,-10.318625,12.844173,-1.9028745,1.9604341,-3.2306828,1.240611,4.7864475,4.465807,3.073338,2426.3257,924.2996,272.09067,227.42049,211.63026,98.70881,82.714615,53.172863,63.717285,56.68414,63.823277,45.4559,38.99843
video3,clip_064,0,-286.05878,138.36017,-21.305044,14.259734,-5.2049007,8.736123,-0.5732842,-0.31347048,-2.6191564,2.383165,6.118368,1.5865606,2.5869892,3318.1511,793.55725,346.24954,262.8244,281.59265,125.45989,161.32755,68.65432,109.25613,65.6681,86.13466,68.255325,46.621014
video3,clip_065,0,-266.9393,149.58914,-17.195072,21.714346,-13.643687,13.706469,-7.7157993,2.5422523,-5.1300097,0.6926636,2.4292717,6.523655,1.1835668,3921.703,1669.0231,457.78308,326.95108,261.0204,200.28299,156.18138,116.14689,118.80579,111.52916,97.66804,75.61013,61.525856
video3,clip_066,0,-286.486,142.08754,-14.939037,24.258705,-16.22779,13.076762,-11.007385,0.80994916,-6.6876116,2.3458636,5.810353,4.677974,1.4800328,1659.0787,690.37335,256.2657,263.05725,204.89525,79.24647,81.05497,74.82176,98.4023,67.018166,62.509396,51.15046,57.43983
video3,clip_067,0,-279.25266,159.87915,-14.463489,24.202042,-11.685797,13.372841,-11.246175,6.1199274,-3.1896079,-0.17418782,5.427603,3.5733292,-0.26769796,2649.2747,1351.9739,272.19968,417.13705,210.85011,268.65085,102.9566,93.230606,88.77775,109.67503,86.4006,78.9679,63.5925
video3,clip_068,0,-272.74203,143.83348,-19.73592,20.51154,0.9122065,7.5560393,-3.7669373,5.7661085,4.2127285,-2.911581,2.1066651,-0.6764425,-2.0860715,2891.534,729.9221,439.1973,357.63232,283.56958,184.92189,147.43481,120.574135,81.46214,73.47225,77.09153,64.99535,69.962105
video3,clip_069,0,-302.91754,133.92596,-9.069029,22.541573,-6.3371673,12.7057495,1.1325432,0.96487385,1.7356348,0.34021187,2.5823035,2.819203,1.3277901,2690.1868,1721.9722,319.33337,613.48065,443.2468,192.97632,133.34038,58.83655,68.03921,66.18755,63.239746,46.808422,51.61707
video3,clip_070,1,-307.768,150.27438,-23.430075,24.220055,-5.4967065,15.689894,-1.2021178,4.0361238,-1.345769,-0.10999667,5.268612,3.7569036,0.2662954,3448.248,1116.2161,304.22775,322.30057,203.90002,147.04404,97.75658,71.96929,114.97817,71.02268,73.18964,70.157776,59.026325
video3,clip_071,0,-326.52054,151.84088,-21.760353,28.589352,-7.3552094,17.651934,-1.5882969,4.521483,3.126149,-0.66116416,6.8576303,3.1109388,-0.05764904,3687.9653,803.40186,409.094,277.90372,253.04945,108.4572,83.54149,64.255486,61.147335,70.35621,56.247025,67.55485,72.91877
video3,clip_072,1,-272.16205,135.493,-11.205268,18.31666,-7.2823515,9.529071,-1.8114755,4.185678,-1.185199,0.38244486,1.2797661,3.8691661,-0.010745151,3495.7388,947.3044,447.50186,318.18518,195.90862,133.22783,113.62952,92.40642,85.97272,73.91859,86.39181,74.57967,59.40847
video3,clip_073,1,-272.6888,155.39792,0.6729289,25.279045,-0.9933589,15.258887,-8.341527,4.4251904,-5.189912,-1.3126601,-0.701826,2.7952392,-4.4243336,3564.6558,1186.4487,500.05988,420.18045,256.41766,138.34865,163.28815,106.31146,110.374725,127.18933,91.60186,68.516075,58.795116
video3,clip_074,0,-267.10547,158.51894,-8.721962,22.803856,-0.45905185,17.919653,-5.7321715,7.0122137,-6.95755,3.3635807,0.16326918,4.740193,-3.1000013,2888.357,807.4947,346.62598,259.32126,184.503,100.893074,92.01498,107.23412,71.38251,85.46411,76.85739,62.10792,47.422592
video4,clip_001,0,-823.09784,48.828846,5.6364613,1.4357549,6.076143,1.711191,1.3070093,3.2898743,1.696712,1.4047713,2.3958642,1.9231718,2.036298,4304.2583,2623.662,252.70018,49.05275,99.547775,52.249325,21.955328,25.179024,24.024725,15.6651945,14.548837,16.348684,15.377847
video4,clip_002,0,-533.792,125.58288,-2.304666,1.2738433,7.132202,-2.2297435,-3.7768404,-3.8350258,-4.2653203,-2.1352148,1.7509536,0.32634646,-1.5637804,9793.095,3480.161,884.4295,233.06644,223.86195,107.80113,84.620926,87.94894,84.36675,109.06573,58.803043,64.96074,58.07117
video4,clip_003,0,-461.62946,161.79381,-18.401596,-0.8315671,10.808564,-1.9124377,-2.2679749,0.32339114,-5.4560623,-4.1608443,2.403509,-0.32376128,-3.8475676,4885.3154,930.47174,946.9625,308.75928,186.61052,149.63911,114.07197,125.87243,99.58472,136.11107,87.55196,65.425354,99.40542
video4,clip_004,0,-465.43152,158.67343,-20.723257,3.365362,13.366245,-0.25034556,-3.0680904,-1.5118062,-3.578702,-3.8642354,2.7479255,-0.42681456,-2.9892287,3107.6958,686.5431,825.9825,404.38385,264.0021,123.62779,129.59428,103.458534,99.16331,89.72772,100.14075,63.50687,83.04858
video4,clip_005,0,-481.25974,167.58401,-10.992693,3.3305357,10.845442,0.37180254,-2.029196,-3.84437,-1.7778809,-1.8242282,3.1299245,3.0989032,-1.8639094,3725.8608,1395.4122,505.5528,414.35535,259.46185,169.14424,129.90575,173.49294,110.78442,100.315414,75.08821,60.213684,85.61071
video4,clip_006,0,-485.80975,124.413315,4.205956,-0.9348689,6.4744873,-0.0722795,-0.21795677,0.6217184,0.5945081,0.4787694,2.0812817,2.9268954,0.16596481,3403.5469,892.51624,554.5548,262.45782,103.97172,115.88101,85.42099,55.49825,69.64658,101.87694,48.610867,42.828636,56.947212
video4,clip_007,0,-457.792,167.6099,-23.865488,12.493028,9.718892,-6.39438,-7.303194,-5.0678725,-6.8201523,-3.3945532,5.045252,0.2897872,-1.1467135,2790.269,1473.1458,769.9597,644.3681,371.76294,205.06337,163.94537,95.76982,144.52962,90.17084,79.88137,81.454475,93.16167
video4,clip_008,1,-453.89175,181.1942,-29.316633,6.7190814,13.882568,2.3956232,-9.115886,-6.914198,0.06579909,-0.9730143,4.490198,0.7104449,-6.5218377,3942.026,1260.957,708.96185,626.1511,391.3926,218.6,185.93073,160.17253,146.42,107.58341,110.99578,96.400314,181.72282
video4,clip_009,0,-456.6249,151.54652,-11.104836,3.534996,13.8191595,9.402852,-12.2873335,-0.97297543,-3.0749922,-2.8874052,2.5783772,2.509462,-0.17790726,5086.162,1643.6385,873.5999,415.51547,281.8325,129.77669,179.95064,145.85886,143.14948,168.65744,64.75366,124.0055,86.318016
video4,clip_010,0,-394.69662,178.92566,-33.74609,16.241903,19.061462,-3.434576,-4.3463764,3.464692,-4.1622024,-4.3605695,6.2603483,-4.118324,-5.765119,1829.4154,522.6503,817.4275,271.1244,348.84412,255.49773,122.12846,150.30461,100.675705,88.65237,122.89044,86.929794,89.2743
video4,clip_011,0,-401.61917,179.5424,-34.110798,19.603704,3.3298886,-1.4566354,-6.6072364,3.8436432,-1.6226535,-2.378544,4.669502,0.43632644,-2.4698446,1695.2521,783.26154,627.1746,371.0608,233.31056,439.01126,144.33302,186.25543,104.75414,72.31904,85.07624,69.45028,60.28914
video4,clip_012,0,-375.66464,168.64798,-30.136896,19.58917,10.693951,6.8415813,-4.329705,4.6830378,-0.008254924,2.1241972,6.19647,2.591074,-1.3867767,2687.7505,614.5477,934.7512,317.5967,312.80832,225.90279,152.94464,138.79417,122.70179,97.60195,89.527145,95.78085,71.36645
video4,clip_013,0,-398.22186,164.25052,-19.645987,25.27985,10.721194,12.182151,1.5697513,6.3108983,2.0230114,0.7496792,2.758553,1.3880336,-0.3927054,1906.7817,800.9813,671.36127,421.78616,290.12613,239.26471,118.408,117.30565,141.65434,124.89109,86.3699,79.52921,80.460724
video4,clip_014,0,-387.35034,161.29047,-25.448257,18.923004,6.5318675,18.361164,-0.885954,4.6195183,-0.7398179,2.7051854,1.957772,2.034088,-2.989172,2742.4512,1015.51086,615.88617,374.39752,266.64508,132.15894,112.84923,150.01639,95.76806,158.317,105.71685,90.11019,68.46825
video4,clip_015,0,-400.2628,158.7567,-24.641886,11.40186,2.0849144,8.408171,-1.0983292,2.8917484,0.8673915,0.42855695,3.5395052,-0.48560607,-1.7369249,2438.558,812.97266,682.33887,394.8129,228.87476,219.48326,133.49968,85.92376,149.39784,105.875885,75.34867,74.327126,68.0702
video4,clip_016,0,-378.9933,172.33174,-33.86435,7.688452,-0.5225622,5.54102,-8.543773,-1.4334735,-3.7336621,-0.8559895,7.1444783,0.787093,-3.7008536,2678.0337,698.7448,594.7311,411.06396,248.56363,243.60634,176.74103,159.66275,206.06541,135.99733,174.2657,153.2352,85.389206
video4,clip_017,0,-331.3682,162.36052,-35.927162,14.506531,3.0980997,4.914754,-12.269131,1.239546,-4.9298434,1.4657588,-0.008254272,-0.96802396,-0.97986007,1955.2404,779.0279,458.31287,207.38304,208.80539,139.35368,117.41481,127.863106,103.47976,114.7767,107.00254,101.685844,57.877438
video4,clip_018,1,-345.87357,154.34966,-10.311654,34.577053,1.2523388,22.943241,-6.6130958,11.12788,-0.07140494,11.769092,-4.415101,4.9248276,-1.3158218,2184.5754,1341.8911,226.72652,189.34148,119.575806,90.95089,57.483326,56.191196,54.028656,73.05219,47.21535,64.97045,51.450607
video4,clip_019,0,-378.72333,139.87411,0.18996629,42.080494,3.8372982,21.88798,-1.8825195,12.09538,1.2834624,9.665174,-4.8274536,3.1924021,-0.7558366,4878.571,1118.3823,291.06177,322.4539,96.213715,175.02394,60.944,72.79898,51.953644,98.427055,52.227642,64.30164,54.431973
video4,clip_020,0,-339.24426,144.95259,-2.2117312,35.02429,5.0541925,18.444613,-1.4674532,9.288028,0.7469611,9.479238,-2.0549855,5.468627,0.895674,2965.2107,1139.6901,270.29373,209.54387,144.07288,103.76579,68.88121,60.339108,67.88054,73.5225,63.831474,66.58115,67.480896
video4,clip_021,1,-336.0424,150.39731,-8.043187,39.2002,3.222353,22.499844,-4.745809,11.569377,-1.4631772,9.838634,-4.3124013,6.321823,-2.7866712,2501.2102,1125.7052,243.31963,135.35077,120.289536,103.72476,76.30861,60.73978,67.20101,93.385475,70.83581,64.00393,67.39169
video4,clip_022,0,-334.5207,173.14906,-32.386818,17.623999,-4.0888886,5.4596095,-9.698748,-1.8533293,-3.70046,-2.3977396,-2.5746987,2.2299495,-1.6896143,2405.463,992.8835,340.96518,309.03497,270.61624,189.18225,145.33159,140.6799,80.307,85.61306,106.798744,72.400154,63.626564
video4,clip_023,1,-302.57016,161.22044,-22.15009,27.081676,2.8996565,17.681717,-5.886014,6.442841,-0.2528503,10.461239,0.8938557,3.728711,-0.9637583,2901.8286,1067.0555,432.10696,237.82144,263.94376,138.49535,130.29494,97.6877,102.68491,93.73533,101.75178,73.08558,70.36556
video4,clip_024,0,-323.2234,159.5953,-19.341156,31.365591,5.151788,22.86514,-5.4528575,7.703394,-2.2567608,14.769156,-2.129356,4.3897066,-0.7474012,1772.8842,1131.8423,269.7186,189.74957,120.49017,107.93202,85.689514,77.44156,67.94938,76.184746,58.257954,80.87675,67.25895
video4,clip_025,1,-326.0931,157.7666,-13.576051,36.88713,-0.677681,22.231998,-4.601639,12.24249,-0.7093883,14.900342,-3.7948704,4.390747,-1.3348262,1609.8087,1070.5625,178.57271,120.03062,129.28268,85.63818,45.251045,53.891068,52.71583,72.9394,54.80606,64.05492,63.084187
video4,clip_026,0,-304.25156,162.7029,-14.555646,26.074398,0.8392122,14.623876,-1.0887448,8.388541,1.9501619,9.778444,-2.296456,3.2398055,0.545643,1640.7871,789.8657,235.04446,156.98938,139.29208,90.86368,55.85836,62.210453,60.772495,67.65352,51.85936,63.530926,55.225163
video4,clip_027,0,-382.13953,159.71118,-22.349901,21.315855,-0.15326886,3.9536128,-2.356325,6.081356,1.8145283,-0.54309905,-3.601714,-6.2073555,-4.966047,1493.775,640.1891,216.824,169.90959,131.65558,266.13028,52.11998,61.570473,39.396805,97.82204,46.661057,73.11836,50.317783
video4,clip_028,0,-353.41196,181.98996,-17.078194,-0.75926304,18.703707,3.5620852,0.15047166,3.5780444,2.8789465,-2.4353373,2.7948084,0.8861756,-4.8673506,1859.1742,530.0611,564.591,206.06737,206.60672,156.12392,129.0656,79.43533,93.46735,119.402405,64.63062,72.79785,77.47744
video4,clip_029,1,-352.03162,187.9934,-23.512465,-2.6085484,15.823813,5.280253,5.2579303,1.509737,-2.2489307,0.3751704,6.1372004,-2.1740556,-4.7369027,2250.014,643.7808,581.45105,341.39368,277.4199,129.02962,129.57275,104.97135,125.41379,98.713005,98.75344,66.64149,89.760574
video4,clip_030,0,-390.90805,182.47968,-25.273546,-0.29615027,12.769693,6.7883267,6.7039523,1.46239,4.141075,2.2102132,2.7263863,-1.1676588,-2.794089,1140.8812,287.9376,242.31909,149.15044,99.23269,68.90762,60.06259,38.449245,51.55024,90.45783,45.612064,45.0261,74.83845
video4,clip_031,0,-397.45752,192.51779,-30.57827,6.8587384,9.8522625,6.355378,2.8920624,-0.0047895988,4.399349,-0.2109074,3.2989964,-2.6235418,-3.1250558,923.8569,344.1377,215.7615,197.7149,171.40549,84.45321,71.20632,48.358932,68.37915,46.820374,43.027386,45.083527,38.387047
video4,clip_032,1,-407.28522,203.32457,-14.186634,27.31473,3.6461675,27.376081,9.924651,8.235616,7.268564,3.159402,1.741395,0.97264063,6.0103173,954.14996,210.02844,77.22997,62.810715,62.908325,40.23444,87.82938,29.64777,66.857925,45.597355,45.463406,52.29568,33.096703
video4,clip_033,1,-408.99744,175.68393,-10.110996,19.22722,6.4454284,19.002398,14.177034,6.0252986,11.168787,5.1756573,4.806527,10.433709,9.192537,1640.6774,431.79758,175.52492,188.42578,125.78907,99.80875,127.3986,78.927925,81.68576,61.02573,38.48525,40.506523,44.505684
